tahun,status,nama_sekolah,jumlah_peserta,bahasa_indonesia,bahasa_inggris,matematika,ipa
2015,Negeri,SMP NEGERI 1 BANDUNG,441,86.52,82.32,76.55,76.85
2015,Negeri,SMP NEGERI 2 BANDUNG,284,86.35,88.7,76.64,80.3
2015,Negeri,SMP NEGERI 3 BANDUNG,291,86.15,81.45,75.71,74.76
2015,Negeri,SMP NEGERI 4 BANDUNG,385,84.51,77.83,67.01,70.64
2015,Negeri,SMP NEGERI 5 BANDUNG,333,89.24,91.29,83.17,84.02
2015,Negeri,SMP NEGERI 6 BANDUNG,341,77.16,64.26,48.53,57.63
2015,Negeri,SMP NEGERI 7 BANDUNG,352,86.38,86.28,75.88,79.03
2015,Negeri,SMP NEGERI 8 BANDUNG,317,84.27,80.35,72.97,74.77
2015,Negeri,SMP NEGERI 9 BANDUNG,450,83.44,78.18,67.56,71.58
2015,Negeri,SMP NEGERI 10 BANDUNG,353,78.45,70.27,62.49,64.79
2015,Negeri,SMP NEGERI 11 BANDUNG,448,81.31,74.67,59.14,66.04
2015,Negeri,SMP NEGERI 12 BANDUNG,443,84.87,79.91,69.84,71.68
2015,Negeri,SMP NEGERI 13 BANDUNG,257,86.49,87.4,76.78,80.62
2015,Negeri,SMP NEGERI 14 BANDUNG,346,86.67,84.43,76.16,78.01
2015,Negeri,SMP NEGERI 15 BANDUNG,282,77.69,63.39,50.55,59.87
2015,Negeri,SMP NEGERI 16 BANDUNG,392,80.8,75.14,60.96,64.95
2015,Negeri,SMP NEGERI 17 BANDUNG,420,81.47,75.49,60.86,69.21
2015,Negeri,SMP NEGERI 18 BANDUNG,399,81.42,74.34,64.2,67.22
2015,Negeri,SMP NEGERI 19 BANDUNG,319,74.8,65.56,48.58,56.15
2015,Negeri,SMP NEGERI 20 BANDUNG,353,77.67,70.66,54.31,64.54
2015,Negeri,SMP NEGERI 21 BANDUNG,277,74.09,55.51,43.1,49.65
2015,Negeri,SMP NEGERI 22 BANDUNG,285,81.26,75.27,56.99,61.45
2015,Negeri,SMP NEGERI 23 BANDUNG,278,74.79,59.58,46.1,57
2015,Negeri,SMP NEGERI 24 BANDUNG,461,78.35,61.63,47.35,54.53
2015,Negeri,SMP NEGERI 25 BANDUNG,285,81.21,72.24,62.56,65.5
2015,Negeri,SMP NEGERI 26 BANDUNG,308,79.55,61.69,49.94,56.56
2015,Negeri,SMP NEGERI 27 BANDUNG,362,79.35,73.96,60.48,65.01
2015,Negeri,SMP NEGERI 28 BANDUNG,290,84.82,84.18,69.79,74.66
2015,Negeri,SMP NEGERI 29 BANDUNG,413,73.18,54.62,41.88,53.57
2015,Negeri,SMP NEGERI 30 BANDUNG,392,81.91,77.18,68.07,71.85
2015,Negeri,SMP NEGERI 31 BANDUNG,526,78.63,72.83,63.75,66.73
2015,Negeri,SMP NEGERI 32 BANDUNG,335,74.12,58.36,42.4,54.63
2015,Negeri,SMP NEGERI 33 BANDUNG,340,76.45,64.02,50.49,57.22
2015,Negeri,SMP NEGERI 34 BANDUNG,343,85.43,82.85,71.51,76.8
2015,Negeri,SMP NEGERI 35 BANDUNG,342,76.61,61.94,50.61,59.25
2015,Negeri,SMP NEGERI 36 BANDUNG,283,78.98,67.05,50.4,59.99
2015,Negeri,SMP NEGERI 37 BANDUNG,410,77.02,61.05,47.75,58.93
2015,Negeri,SMP NEGERI 38 BANDUNG,408,75.67,60.36,45.91,54.15
2015,Negeri,SMP NEGERI 39 BANDUNG,231,76.55,64.1,50.88,58.12
2015,Negeri,SMP NEGERI 40 BANDUNG,390,78.73,69.21,52.33,58.69
2015,Negeri,SMP NEGERI 41 BANDUNG,368,77.93,64.99,52.04,59.74
2015,Negeri,SMP NEGERI 42 BANDUNG,392,73.68,63.46,47.83,57.09
2015,Negeri,SMP NEGERI 43 BANDUNG,316,79.56,73.28,58.09,65.8
2015,Negeri,SMP NEGERI 44 BANDUNG,340,83.75,82.33,68.72,72.44
2015,Negeri,SMP NEGERI 45 BANDUNG,424,78.78,67.5,51.2,59.84
2015,Negeri,SMP NEGERI 46 BANDUNG,358,77.33,65.17,51.17,59.2
2015,Negeri,SMP NEGERI 47 BANDUNG,329,78.32,60.15,47.89,53.43
2015,Negeri,SMP NEGERI 48 BANDUNG,358,77.77,73.21,58.07,63.97
2015,Negeri,SMP NEGERI 49 BANDUNG,291,76.09,66.13,52.32,59.14
2015,Negeri,SMP NEGERI 50 BANDUNG,468,78.29,72.01,59.89,67.62
2015,Negeri,SMP NEGERI 51 BANDUNG,422,74.25,64.25,47.95,58.91
2015,Negeri,SMP NEGERI  52 BANDUNG,325,74.16,53.53,39.6,47.1
2015,Negeri,SMP NEGERI 53 KOTA BANDUNG,134,74.93,57.58,47,55.88
2015,Negeri,SMP NEGERI TERBUKA 12 BANDUNG,184,67.74,51.96,40.79,48.18
2015,Negeri,SMP NEGERI TERBUKA 40 BANDUNG,39,65.13,46.67,37.31,48.14
2015,Negeri,SMP NEGERI TERBUKA 27 BANDUNG,280,64.47,44.05,34.89,41.32
2015,Negeri,SMP NEGERI TERBUKA 8 BANDUNG,59,66.98,45.08,34.83,39.36
2015,Negeri,SMP NEGERI TERBUKA  51 BANDUNG,106,68.04,53,37.64,45.64
2015,Negeri,SMP NEGERI TERBUKA 36 BANDUNG,143,59.87,38.83,34,38.58
2015,Negeri,MTs NEGERI BANDUNG,278,74.63,62.78,53.15,59.65
2015,Negeri,MTs NEGERI CICAHEUM,293,78.29,66.6,58.05,62.61
2015,Swasta,SMP BALA KESELAMATAN,4,65,48,33.75,58.13
2015,Swasta,SMP BUDI BAKTI BANDUNG,68,68.59,45.15,37.06,41.62
2015,Swasta,SMP PANDU BANDUNG,61,84.39,77.15,67.91,66.72
2015,Swasta,SMP PASUNDAN 4 BANDUNG,271,66.26,46.56,35.96,42.77
2015,Swasta,SMP PUTRA PAJAJARAN BANDUNG,19,58.53,40.63,34.74,37.63
2015,Swasta,SMP WARINGIN BANDUNG,183,83.97,81.06,69.54,65.81
2015,Swasta,SMP YAQIN BANDUNG,69,69.1,49.19,37.54,47.83
2015,Swasta,SMP YKPPK BANDUNG,9,59.33,37.78,34.44,38.89
2015,Swasta,SMP YPI BANDUNG,24,64.83,43,36.35,37.5
2015,Swasta,SMP K 1 BINA BAKTI BANDUNG,95,83.89,82.74,73.21,67.61
2015,Swasta,SMP K 2 BINA BAKTI BANDUNG,39,85.38,91.44,82.05,77.24
2015,Swasta,SMP K BPK PENABUR 1 BANDUNG,353,89.17,93.43,90.5,85.79
2015,Swasta,SMP K BPPK BANDUNG,36,74.28,53.83,45.56,47.15
2015,Swasta,SMP K PAULUS BANDUNG,18,70.22,68.11,41.25,48.06
2015,Swasta,SMP K TRIMULIA BANDUNG,39,87.08,91.38,86.22,80.19
2015,Swasta,SMP ADVENT II BANDUNG,19,82.95,75.89,57.11,60.13
2015,Swasta,SMP AL-HUSAINIYYAH BANDUNG,52,63.27,41.85,34.66,38.03
2015,Swasta,SMP BINA DHARMA 3 BANDUNG,61,68,44.92,34.1,43.93
2015,Swasta,SMP INDONESIA RAYA BANDUNG,94,68.11,47.49,34.68,44.87
2015,Swasta,SMP KARTIKA XIX-2,215,68.05,48.56,35.15,43.29
2015,Swasta,SMP MIFTAHUL IMAN BANDUNG,69,60.61,41.54,35.07,40.54
2015,Swasta,SMP MUHAMMADIYAH 6 BANDUNG,120,64.7,43.5,34.96,39.19
2015,Swasta,SMP PASUNDAN 3 BANDUNG,311,67.1,48.01,36.42,43.83
2015,Swasta,SMP PASUNDAN 10 BANDUNG,16,64.75,41.13,34.22,42.5
2015,Swasta,SMP PASUNDAN 12 BANDUNG,194,66.75,44.84,35.63,40.23
2015,Swasta,SMP PGRI 2 BANDUNG,108,55.04,39.44,33.77,35.16
2015,Swasta,SMP PGRI 5 BANDUNG,24,65.42,43.58,37.08,39.69
2015,Swasta,SMP SEKOLAH LABORATORIUM UPI,138,81.35,73.38,58.41,63.53
2015,Swasta,SMP K HIDUP BARU BANDUNG,7,73.43,58.86,41.07,46.43
2015,Swasta,SMP ADVENT CIMINDI,41,74.73,63.22,44.57,55
2015,Swasta,SMP ANGKASA LANUD HUSEIN. S,336,75.79,60.09,42.38,50.76
2015,Swasta,SMP BPMD TARUNA BANDUNG,6,74.33,41.33,36.67,42.5
2015,Swasta,SMP KIANSANTANG BANDUNG,21,66.86,47.33,34.88,38.45
2015,Swasta,SMP LPPN BANDUNG,12,66.33,43.83,38.96,40.63
2015,Swasta,SMP MUHAMMADIYAH 2 BANDUNG,33,68.73,44.79,39.17,41.21
2015,Swasta,SMP MUHAMMADIYAH 4 BANDUNG,41,70.05,51.22,36.95,43.9
2015,Swasta,SMP MUTIARA 1 BANDUNG,87,64.99,43.08,35.4,39.94
2015,Swasta,SMP MUTIARA 4 BANDUNG,305,68.39,46.74,35.3,45.91
2015,Swasta,SMP PAJAJARAN 1 BANDUNG,27,61.26,42.74,33.15,35.56
2015,Swasta,SMP PGRI 4,26,63.15,41.77,34.13,38.37
2015,Swasta,SMP RAJAWALI,24,59.5,41.42,35.73,37.92
2015,Swasta,SMP YWKA BANDUNG,101,71.45,52.44,36.88,44.63
2015,Swasta,SMP K BPK PENABUR 5 BANDUNG,180,88.17,85.97,77.35,76.81
2015,Swasta,SMP ADVENT BANDUNG,19,74.84,69.26,52.76,60
2015,Swasta,SMP BPP BANDUNG,112,68.75,48.36,35.83,43.17
2015,Swasta,SMP KRISTEN BAPTIS BANDUNG,40,83,75.8,52.44,65.38
2015,Swasta,SMP PERTIWI BANDUNG,71,66.87,50.14,36.3,44.33
2015,Swasta,SMP SANTA ANGELA BANDUNG,166,87.4,91.7,85.33,79.94
2015,Swasta,SMP SANTO ALOYSIUS 1 BANDUNG,141,85.63,89.67,80.04,78.74
2015,Swasta,SMP KARTIKA SILIWANGI XIX-1,169,74.2,59.5,42.63,54.6
2015,Swasta,SMP PASUNDAN 6 BANDUNG,283,71.18,52.25,38.65,47.35
2015,Swasta,SMP PGII-1 BANDUNG,279,77.14,61.65,43.89,52.13
2015,Swasta,SMP SANTA URSULA BANDUNG,128,87.05,86.39,75.57,75.12
2015,Swasta,SMP SUMATRA 40 BANDUNG,304,74.21,58.59,41.96,50.58
2015,Swasta,SMP TARUNA BAKTI BANDUNG,261,88.3,91.56,82.68,78.05
2015,Swasta,SMP K YAHYA BANDUNG,69,85.1,82.2,68.01,73.77
2015,Swasta,SMP AL-FALAH BANDUNG,226,67.84,44.88,35.72,44.16
2015,Swasta,SMP BUNGA BANGSA BANDUNG,79,63.62,41.8,36.04,38.2
2015,Swasta,SMP DARUL HIKAM BANDUNG,123,85.72,84.29,76.48,76.2
2015,Swasta,SMP ISTIQAMAH BANDUNG,120,83.75,82.92,63.9,70.27
2015,Swasta,SMP KEMAH INDONESIA 4 BANDUNG,54,59.85,39.85,32.73,37.04
2015,Swasta,SMP NASIONAL BANDUNG,166,69.31,46.02,35.54,42.03
2015,Swasta,SMP PASUNDAN 8 BANDUNG,121,67.04,44.03,35.12,41.61
2015,Swasta,SMP PGII 2 BANDUNG,213,77.7,60.8,46.19,54.26
2015,Swasta,SMP PGRI 6 BANDUNG,19,66.95,43.58,36.05,40.79
2015,Swasta,SMP PRIBADI,29,79.72,88.62,67.41,73.45
2015,Swasta,SMP SALMAN AL FARISI BANDUNG,76,87.95,89.66,84.34,79.05
2015,Swasta,SMP KARTIKA X-1 BANDUNG,233,71.51,49.06,38.64,45.85
2015,Swasta,SMP KEMALA BHAYANGKARI BANDUNG,274,67.47,56.22,41.37,50.57
2015,Swasta,SMP MAARIF 1 BANDUNG,44,64,44.23,36.19,41.31
2015,Swasta,SMP MUHAMMADIYAH 1 BANDUNG,49,70.82,54.16,44.44,49.49
2015,Swasta,SMP MUSLIMIN 3 BANDUNG,117,66.6,45.09,35.9,43.55
2015,Swasta,SMP PELITA BANDUNG,287,66.21,44.04,35.24,40.34
2015,Swasta,SMP PGRI 1 BANDUNG,139,65.64,42.78,36.44,40.29
2015,Swasta,SMP PGRI 3 BANDUNG,45,59.47,46.84,35,49.94
2015,Swasta,SMP SANTA MARIA BANDUNG,96,83.54,80.71,54.84,63.13
2015,Swasta,SMP TAMAN SISWA BANDUNG,70,68.17,53.91,42.75,50.86
2015,Swasta,SMP YPU BANDUNG,61,65.21,45.51,36.19,39.22
2015,Swasta,SMP K 4 BPK PENABUR,36,86.06,83.22,70.28,70.97
2015,Swasta,SMP AL HADI BANDUNG,134,67.03,45.33,37.11,42.2
2015,Swasta,SMP AL ISLAM,103,58.33,39.48,32.11,38.71
2015,Swasta,SMP PLUS BAITURRAHMAN,47,65.79,58.77,39.79,48.88
2015,Swasta,SMP BANDUNG INSTITUT,29,59.38,40.34,35.69,37.67
2015,Swasta,SMP BINA PERSADA NUSANTARA,18,60,42,35.28,37.78
2015,Swasta,SMP CENDEKIA MUDA,40,85.05,79.95,70.31,71.69
2015,Swasta,SMP GANTRA BANDUNG,56,59,39.43,36.29,37.63
2015,Swasta,SMP GEMA PANCASILA BANDUNG,20,53.4,40,33.38,39.25
2015,Swasta,SMP GUPPI UJUNG BERUNG,41,66.54,50.44,33.41,51.65
2015,Swasta,SMP KARYA PEMBANGUNAN 10,219,66.05,60.02,46.91,53.93
2015,Swasta,SMP LANGLANGBUANA,76,63.5,39.97,35.82,36.84
2015,Swasta,SMP MUHAMMADIYAH 3 BANDUNG,89,72.94,47.08,39.38,40.11
2015,Swasta,SMP MUTIARA BUNDA,62,81.03,76.19,62.54,65.89
2015,Swasta,SMP PGRI 10 BANDUNG,287,64.04,46.13,34.57,45.6
2015,Swasta,SMP PGRI 11,16,65.38,46.63,35.31,38.28
2015,Swasta,SMP TRIYASA BANDUNG,268,70.4,48.28,37.14,48.59
2015,Swasta,SMP YAYASAN ATIKAN SUNDA,274,73.89,55.45,41.31,49.05
2015,Swasta,SMP AL-GHIFARI,117,69.81,59.5,45.58,52.14
2015,Swasta,SMP AL-HASAN,104,64.1,45.1,36.03,42.16
2015,Swasta,SMP IGN SLAMET RIYADI,74,81.7,78.03,61.22,63.61
2015,Swasta,SMP MADYA BANDUNG,81,63.36,43.68,34.17,40
2015,Swasta,SMP MUHAMMADIYAH 9,83,68.19,45.69,36.17,41.33
2015,Swasta,SMP MUSLIMIN 5 BANDUNG,39,62.31,38.82,32.37,39.81
2015,Swasta,SMP OTISTA,34,63.53,45.88,37.65,39.41
2015,Swasta,SMP PGRI 7 BANDUNG,177,67.24,43.58,35.86,43.63
2015,Swasta,SMP PGRI 9 GEDEBAGE,41,59.37,38.54,31.22,36.59
2015,Swasta,SMP THARIIKUL JANNAH,2,44,44,31.25,37.5
2015,Swasta,SMP TULUS KARTIKA,124,67,47.32,38.99,45.34
2015,Swasta,SMP VIJAYA KUSUMA,387,68.41,48.79,37.93,42.68
2015,Swasta,SMP BINA DHARMA 2 BANDUNG,247,67.09,49.47,37.84,45.9
2015,Swasta,SMP BINA HARAPAN,45,58.93,40.31,33.22,39.78
2015,Swasta,SMP GUNA DHARMA,63,68.06,58.38,46.98,53.21
2015,Swasta,SMP KARYA NUSANTARA,39,66.92,42.46,35.58,39.17
2015,Swasta,SMP LANGLANG BUANA 2,91,62.7,41.78,35.88,42.09
2015,Swasta,SMP MUHAMMADIYAH 5 BANDUNG,48,62.79,38.96,34.06,41.51
2015,Swasta,SMP MUHAMMADIYAH 8 BANDUNG,82,82.63,74.49,50.3,61.65
2015,Swasta,SMP MUHAMMADIYAH 10,97,68.85,46.97,36.55,43.92
2015,Swasta,SMP NUSANTARA RAYA,166,65.08,42.58,34.56,40.06
2015,Swasta,SMP PGRI 8 BANDUNG,15,57.6,40.8,34.5,37.83
2015,Swasta,SMP SANTO  YUSUP,88,80.5,70.93,55.2,61.9
2015,Swasta,SMP ISLAM AL WASHLIYAH,19,69.16,43.37,34.47,42.63
2015,Swasta,SMP BINTANG MULIA,75,87.12,92.8,81.77,76.83
2015,Swasta,SMP BPI 1 BANDUNG,174,76.09,72.38,53.88,61.28
2015,Swasta,SMP BUDI ISTRI BANDUNG,86,59.93,42.65,34.07,38.78
2015,Swasta,SMP NUGRAHA BANDUNG,210,64.3,42.16,33.93,42.19
2015,Swasta,SMP PAHLAWAN TOHA,214,59.11,39.98,33.71,37.87
2015,Swasta,SMP PELITA BANGSA,30,76.53,65.53,54.58,55.08
2015,Swasta,SMP PLUS AL-GOZALI,7,66,43.43,38.93,42.14
2015,Swasta,SMP SANTO ALOYSIUS 2 BANDUNG,104,84.48,88.1,82.19,75.99
2015,Swasta,SMP SEBELAS MARET BANDUNG,79,69.34,46.53,36.42,43.01
2015,Swasta,SMP YAMI BANDUNG,20,57.5,37.9,31.13,36.5
2015,Swasta,SMP YPS SEJATI BANDUNG,5,51.6,38.4,31.5,37
2015,Swasta,SMP YUDHISTIRA,98,62.55,41.31,36.12,38.19
2015,Swasta,SMP K KALAM KUDUS,70,82.91,82.03,65.29,64.82
2015,Swasta,SMP BPK PENABUR HOLIS,166,84.37,86.43,75.44,77.24
2015,Swasta,SMP BPPI BOJONG,33,64.3,44.55,34.47,40.98
2015,Swasta,SMP GAMALIEL,136,84.84,74.5,65.26,65.92
2015,Swasta,SMP GRACIA BANDUNG,32,78.19,62.63,44.14,51.25
2015,Swasta,SMP JENDRAL SUDIRMAN,24,52.42,33.33,31.67,34.58
2015,Swasta,SMP MUTIARA 3 BANDUNG,20,70.5,53.3,43,50.88
2015,Swasta,SMP PASUNDAN 5 BANDUNG,195,66.77,44.74,34.24,40.04
2015,Swasta,SMP PASUNDAN 7 BANDUNG,239,66.01,43.93,36.19,39.78
2015,Swasta,SMP PASUNDAN 9 BANDUNG,199,61.82,38.76,33.67,38.44
2015,Swasta,SMP PLUS SINDANGRESMI,34,69.65,52.88,41.1,48.6
2015,Swasta,SMP SWADAYA 1 BANDUNG,277,66.67,43.59,35.25,42.15
2015,Swasta,SMP SWADAYA 2 BANDUNG,75,59.47,41.47,34.57,38.3
2015,Swasta,SMP YPKKP,205,60.8,39.59,34.62,37.18
2015,Swasta,SMP ASSALAAM,181,77.8,65.2,46.53,58.74
2015,Swasta,SMP COKROAMINOTO BANDUNG,15,59.73,37.33,30.17,38.67
2015,Swasta,SMP DEWI SARTIKA,150,68,48.91,38.02,47.38
2015,Swasta,SMP GANESHA BANDUNG,147,63.32,43.31,35.7,42.02
2015,Swasta,SMP MUHAMMADIYAH 7,36,60.22,41.11,33.4,38.4
2015,Swasta,SMP NUSANTARA BANDUNG,100,63.56,44.38,34.85,39.6
2015,Swasta,SMP PASUNDAN 1 BANDUNG,362,70.19,56.19,41.55,50.48
2015,Swasta,SMP PASUNDAN 2 BANDUNG,304,66.73,51.61,38.2,46.96
2015,Swasta,SMP WYATA DHARMA,52,59.69,45.58,33.17,43.37
2015,Swasta,SMP YOS SUDARSO,96,79.85,70.88,54.09,57.92
2015,Swasta,SMP K REHOBOTH BANDUNG,37,81.08,69.62,49.59,58.92
2015,Swasta,SMP PLUS TEMARA ILMU,3,72.67,38,35.83,48.33
2015,Swasta,SMP AL BIRUNI CERDAS MULIA,40,81.6,76.8,56.31,60.19
2015,Swasta,SMP DAARUL QURAN,7,85.71,78.57,50.71,66.79
2015,Swasta,SMP ALFA CENTAURI,67,85.13,84.24,66.16,70
2015,Swasta,SMP PELITA NUSANTARA,44,83.77,89.82,64.32,70.28
2015,Swasta,SMP TUNAS UNGGUL,31,84.58,83.87,69.6,70.32
2015,Swasta,SMP JUARA,49,76.24,54.73,45.97,56.43
2015,Swasta,SMP HIKMAH TELADAN,49,76.2,71.22,54.18,59.13
2015,Swasta,SMP ISLAM TERPADU BINA INSAN UNGGUL,60,76.4,54.93,50.54,51.88
2015,Swasta,SMP BAHTERA,13,81.08,77.54,60.19,60.96
2015,Swasta,SMP DAARUT TAUHIID BOARDING SCHOOL,140,80.16,63.94,50.89,61.77
2015,Swasta,SMP SETIA BHAKTI,37,67.78,45.51,36.62,51.76
2015,Swasta,MTs AL AMANAH,92,66.28,50.7,49.05,50.98
2015,Swasta,MTs AL HUDA,19,62.74,51.37,49.47,54.34
2015,Swasta,MTs AL ISLAM,21,63.9,50.76,48.81,53.1
2015,Swasta,MTs AL ISTIQOMAH,76,64.84,49.74,48.13,54.28
2015,Swasta,MTs AL MUAWANAH,8,60.75,50,49.69,54.06
2015,Swasta,MTs ARROHMAH,52,71.92,53.69,49.86,53.46
2015,Swasta,MTs ASSUADA,23,59.3,50.09,48.37,53.15
2015,Swasta,MTs ASYSYARIFIYYAH,189,68.25,52.68,49.55,53.65
2015,Swasta,MTs ATTAUFIQ,62,67.45,53.48,55.2,58.02
2015,Swasta,MTs ATTAZHIMIYAH,150,66.97,50.45,48.88,52.95
2015,Swasta,MTs BAABUSSALAAM,109,68.64,52.28,49.7,51.1
2015,Swasta,MTs DAARUR RAHMAH,13,62.31,50.15,48.46,48.65
2015,Swasta,MTs MUHAMMADIYAH,49,65.43,50.86,50.1,53.42
2015,Swasta,MTs NURUL HUDA,36,68.89,52.44,60.07,50.83
2015,Swasta,MTs NURUL IMAN,226,67.35,51.12,49.49,52.64
2015,Swasta,MTs PERSATUAN ISLAM 29,46,70.39,53.48,51.41,54.67
2015,Swasta,MTs SALAFIYAH,31,70.39,50.71,50.32,50.32
2015,Swasta,MTs SIRNAMISKIN,273,67.97,51.76,49.48,53.36
2015,Swasta,MTS AL HASAN,32,67.13,53.13,49.3,54.53
2015,Swasta,MTs AL BURHAN,132,66.42,51.61,50.72,54.3
2015,Swasta,MTs AL INAYAH,156,71.15,53.51,50.69,53.11
2015,Swasta,MTs AL MISHBAH,47,68.68,51.45,50.85,52.77
2015,Swasta,MTs AL MURSYID,26,64.15,51.23,52.69,54.13
2015,Swasta,MTs ARROSYIDIYAH,117,71.18,54.17,49.29,54.23
2015,Swasta,MTs DARUL HIDAYAH,14,57.43,49.43,49.82,48.93
2015,Swasta,MTs KIFAYATUL ACHYAR,268,74.9,54.25,49.94,54.91
2015,Swasta,MTs MANBAUL HUDA,39,77.28,59.64,54.81,56.47
2015,Swasta,MTs MIFTAHUL FALAH,109,63.16,52.51,49.75,53.42
2015,Swasta,MTs MUHAJIRIN,40,59.8,50.55,48.94,52.44
2015,Swasta,MTs MULTAZAM,33,70,50.85,49.47,55.08
2015,Swasta,MTs NUR ROHMAH,9,69.56,49.56,50.83,50.83
2015,Swasta,MTs PERSIS 12,157,73.22,60.22,51.04,54.89
2015,Swasta,MTs YPPS SUKAMISKIN,194,69.59,74.22,65.04,81.49
2015,Swasta,MTs ZAKARIA,87,87.49,79.36,78.94,79.2
2015,Swasta,MTs AL HIKMAH,8,63.25,47.75,47.81,60.94
2015,Swasta,MTS AN NAJIYAH,22,84.64,75.64,61.7,69.32
2015,Swasta,MTs YASIPA,30,67.07,49.47,50.33,52.42
2015,Swasta,MTs AISYAH,44,71.18,51.18,50.06,52.05
2015,Swasta,MTS MIFTAHUL HUDA,31,78.32,69.48,66.13,62.34
2015,Swasta,MTs AZ ZAHRA,32,64,48.44,49.14,53.28
2016,Negeri,SMP NEGERI 1 BANDUNG,410,86.04,81.17,73.95,74.52
2016,Negeri,SMP NEGERI 2 BANDUNG,394,87.23,86.5,74.77,78.98
2016,Negeri,SMP NEGERI 3 BANDUNG,299,85.26,79.97,65.22,75.99
2016,Negeri,SMP NEGERI 4 BANDUNG,295,83.67,74.77,59.62,66.22
2016,Negeri,SMP NEGERI 5 BANDUNG,326,88.77,88.4,77.26,81.4
2016,Negeri,SMP NEGERI 6 BANDUNG,311,79.31,61.53,42.29,55.79
2016,Negeri,SMP NEGERI 7 BANDUNG,390,86.28,82.04,65.9,72.6
2016,Negeri,SMP NEGERI 8 BANDUNG,305,85.6,75.11,60.55,70.73
2016,Negeri,SMP NEGERI 9 BANDUNG,486,83.44,75.34,63,70.64
2016,Negeri,SMP NEGERI 10 BANDUNG,398,79.68,65.22,45.06,58.03
2016,Negeri,SMP NEGERI 11 BANDUNG,464,81.13,74.83,56.39,66.77
2016,Negeri,SMP NEGERI 12 BANDUNG,331,84.43,78.68,62.52,72.94
2016,Negeri,SMP NEGERI 13 BANDUNG,458,86.63,85.09,66.55,77.04
2016,Negeri,SMP NEGERI 14 BANDUNG,284,86.46,80.04,69.16,74.51
2016,Negeri,SMP NEGERI 15 BANDUNG,334,81.54,69.71,52.27,60.9
2016,Negeri,SMP NEGERI 16 BANDUNG,287,82.38,69.54,53.95,60.77
2016,Negeri,SMP NEGERI 17 BANDUNG,493,81.44,69.71,50.71,61.92
2016,Negeri,SMP NEGERI 18 BANDUNG,415,82.63,69.44,54.91,63.75
2016,Negeri,SMP NEGERI 19 BANDUNG,269,79.75,66.11,44.21,60.07
2016,Negeri,SMP NEGERI 20 BANDUNG,414,81.5,68.84,47.66,62.59
2016,Negeri,SMP NEGERI 21 BANDUNG,302,76.13,54.5,37.32,45.58
2016,Negeri,SMP NEGERI 22 BANDUNG,285,82.23,73.19,53.63,60.75
2016,Negeri,SMP NEGERI 23 BANDUNG,292,77.49,59.37,39.55,53.72
2016,Negeri,SMP NEGERI 24 BANDUNG,478,78.96,57.54,42.75,52.14
2016,Negeri,SMP NEGERI 25 BANDUNG,330,80.95,73.35,57.6,67.54
2016,Negeri,SMP NEGERI 26 BANDUNG,276,82.17,64.93,45.89,58.4
2016,Negeri,SMP NEGERI 27 BANDUNG,346,81.17,72.51,55.47,67.57
2016,Negeri,SMP NEGERI 28 BANDUNG,323,84.56,80.69,64.22,72.93
2016,Negeri,SMP NEGERI 29 BANDUNG,424,77.72,58.98,40.17,52.41
2016,Negeri,SMP NEGERI 30 BANDUNG,449,83.06,73.44,54,67.54
2016,Negeri,SMP NEGERI 31 BANDUNG,451,80.41,67.85,46.23,62.27
2016,Negeri,SMP NEGERI 32 BANDUNG,288,73.2,54.75,37.28,50.1
2016,Negeri,SMP NEGERI 33 BANDUNG,438,77.99,63.82,46.5,58.25
2016,Negeri,SMP NEGERI 34 BANDUNG,312,84.37,80.73,66.58,75.52
2016,Negeri,SMP NEGERI 35 BANDUNG,343,78.29,61.05,46.39,55.73
2016,Negeri,SMP NEGERI 36 BANDUNG,281,80.28,67.18,48.82,60.12
2016,Negeri,SMP NEGERI 37 BANDUNG,420,75.86,54.03,39.89,52.99
2016,Negeri,SMP NEGERI 38 BANDUNG,391,75.18,52.39,36.38,47.97
2016,Negeri,SMP NEGERI 39 BANDUNG,271,78.32,58.44,41.8,57.09
2016,Negeri,SMP NEGERI 40 BANDUNG,312,80.34,69.32,47.83,60.64
2016,Negeri,SMP NEGERI 41 BANDUNG,373,79.44,62.96,44,59.26
2016,Negeri,SMP NEGERI 42 BANDUNG,396,75.06,58.28,39.14,52.94
2016,Negeri,SMP NEGERI 43 BANDUNG,366,78.87,75.79,53.55,67.67
2016,Negeri,SMP NEGERI 44 BANDUNG,259,83.81,83.43,67.62,71.82
2016,Negeri,SMP NEGERI 45 BANDUNG,371,78.98,70.53,48.77,61.56
2016,Negeri,SMP NEGERI 46 BANDUNG,416,79.44,59.98,44.77,54.93
2016,Negeri,SMP NEGERI 47 BANDUNG,328,77.5,58.19,44.9,52.95
2016,Negeri,SMP NEGERI 48 BANDUNG,447,79.5,72.81,50.86,64.92
2016,Negeri,SMP NEGERI 49 BANDUNG,309,78.57,66.5,45.53,62.85
2016,Negeri,SMP NEGERI 50 BANDUNG,422,80.91,76.12,57.71,67.16
2016,Negeri,SMP NEGERI 51 BANDUNG,476,76.21,57.56,39.03,53.6
2016,Negeri,SMP NEGERI  52 BANDUNG,335,76.41,57.23,37.65,51.68
2016,Negeri,SMP NEGERI 53 KOTA BANDUNG,226,74.75,56.03,39.31,49.56
2016,Negeri,SMP NEGERI TERBUKA 12 BANDUNG,151,71.3,57.38,37.17,46.61
2016,Negeri,SMP NEGERI TERBUKA 40 BANDUNG,160,68.96,50.91,32.48,42.28
2016,Negeri,SMP NEGERI TERBUKA 27 BANDUNG,226,68.53,46.02,31.59,40.02
2016,Negeri,SMP NEGERI TERBUKA 8 BANDUNG,49,69.76,48.45,30.51,40.97
2016,Negeri,SMP NEGERI TERBUKA  51 BANDUNG,155,66.76,44.12,29.98,40.05
2016,Negeri,SMP NEGERI TERBUKA 36 BANDUNG,120,62.93,39.83,29.46,35.35
2016,Negeri,MTSN BANDUNG,298,78.04,69.68,68.9,68.32
2016,Negeri,MTSN CICAHEUM,276,81.64,71.8,70.64,69.5
2016,Swasta,SMP BALA KESELAMATAN,9,70.89,56,29.17,40
2016,Swasta,SMP BUDI BAKTI BANDUNG,72,71.47,45.06,32.57,46.56
2016,Swasta,SMP PANDU BANDUNG,59,84.58,76.88,61.99,62.12
2016,Swasta,SMP PASUNDAN 4 BANDUNG,384,70.32,45.83,32.23,42.53
2016,Swasta,SMP PUTRA PAJAJARAN BANDUNG,11,67.09,49.09,33.41,42.73
2016,Swasta,SMP WARINGIN BANDUNG,158,84.41,81.46,66.39,65.92
2016,Swasta,SMP YAQIN BANDUNG,71,69.41,46.76,34.26,40.49
2016,Swasta,SMP YKPPK BANDUNG,8,59.25,46.75,30,39.06
2016,Swasta,SMP YPI BANDUNG,19,61.58,40.63,30.39,36.32
2016,Swasta,SMP K 1 BINA BAKTI BANDUNG,78,83.59,82.97,62.88,66.19
2016,Swasta,SMP K 2 BINA BAKTI BANDUNG,30,85.27,89.73,79.58,77.58
2016,Swasta,SMP K BPK PENABUR 1 BANDUNG,310,89.27,91.68,89.52,90.62
2016,Swasta,SMP K BPPK BANDUNG,36,76.61,62.67,47.01,51.04
2016,Swasta,SMP K PAULUS BANDUNG,20,72.7,61.9,39.88,46
2016,Swasta,SMP K TRIMULIA BANDUNG,47,86.09,92.38,80.96,73.46
2016,Swasta,SMP ADVENT II BANDUNG,34,80.71,72.76,57.65,58.68
2016,Swasta,SMP AL-HUSAINIYYAH BANDUNG,81,66.25,41.38,32.31,37.75
2016,Swasta,SMP BINA DHARMA 3 BANDUNG,54,67.48,45.63,31.06,40.46
2016,Swasta,SMP INDONESIA RAYA BANDUNG,130,66.35,45.82,30.94,38.48
2016,Swasta,SMP KARTIKA XIX-2,157,71.15,53.69,33.79,45.8
2016,Swasta,SMP MIFTAHUL IMAN BANDUNG,59,65.08,42.71,30.85,41.86
2016,Swasta,SMP MUHAMMADIYAH 6 BANDUNG,169,66.63,44.05,31.01,39.01
2016,Swasta,SMP PASUNDAN 3 BANDUNG,305,69.97,45.17,31.33,41.54
2016,Swasta,SMP PASUNDAN 10 BANDUNG,7,58.29,38,26.07,32.5
2016,Swasta,SMP PASUNDAN 12 BANDUNG,198,66.43,43.35,32.34,40.05
2016,Swasta,SMP PGRI 2 BANDUNG,146,65.15,46.49,35.68,38.42
2016,Swasta,SMP PGRI 5 BANDUNG,30,68.07,41.33,31.17,39
2016,Swasta,SMP SEKOLAH LABORATORIUM UPI,134,80.84,74.18,53.23,60.52
2016,Swasta,SMP K HIDUP BARU BANDUNG,15,69.73,51.87,31,38
2016,Swasta,SMP ADVENT CIMINDI,39,75.85,59.49,40.58,50.58
2016,Swasta,SMP ANGKASA LANUD HUSEIN. S,279,75.27,56.53,40.01,49.44
2016,Swasta,SMP BPMD TARUNA BANDUNG,32,67.06,39.75,29.06,36.09
2016,Swasta,SMP KIANSANTANG BANDUNG,28,69.93,44.36,28.21,35.27
2016,Swasta,SMP LPPN BANDUNG,19,63.89,42.95,27.63,39.08
2016,Swasta,SMP MUHAMMADIYAH 2 BANDUNG,42,68,49.71,35.18,41.67
2016,Swasta,SMP MUHAMMADIYAH 4 BANDUNG,23,73.22,49.13,32.72,43.91
2016,Swasta,SMP MUTIARA 1 BANDUNG,90,68.44,44.29,29.28,37.94
2016,Swasta,SMP MUTIARA 4 BANDUNG,298,70.87,46.03,32.39,43.58
2016,Swasta,SMP PAJAJARAN 1 BANDUNG,12,55.67,39.5,29.38,32.92
2016,Swasta,SMP PGRI 4,31,65.23,40.65,30.56,32.9
2016,Swasta,SMP RAJAWALI,5,65.6,44.8,30.5,34.5
2016,Swasta,SMP YWKA BANDUNG,101,71.27,51.03,36.56,46.26
2016,Swasta,SMP K BPK PENABUR 5 BANDUNG,225,87.02,84.86,70.82,77.69
2016,Swasta,SMP ADVENT BANDUNG,16,79.88,74.75,52.97,55.16
2016,Swasta,SMP BPP BANDUNG,114,70.07,49.28,33.93,43.71
2016,Swasta,SMP KRISTEN BAPTIS BANDUNG,30,81.93,68.47,54.92,62.17
2016,Swasta,SMP PERTIWI BANDUNG,44,69.09,47.18,33.3,43.86
2016,Swasta,SMP SANTA ANGELA BANDUNG,170,87.2,89.45,79.03,82.57
2016,Swasta,SMP SANTO ALOYSIUS 1 BANDUNG,165,86.13,87.04,81.2,80.18
2016,Swasta,SMP KARTIKA SILIWANGI XIX-1,207,74.45,57,36.75,51.5
2016,Swasta,SMP PASUNDAN 6 BANDUNG,196,68.78,45.42,31.49,40.04
2016,Swasta,SMP PGII-1 BANDUNG,293,77.77,59.25,41.47,53.17
2016,Swasta,SMP SANTA URSULA BANDUNG,127,86.57,86.22,71.52,73.19
2016,Swasta,SMP SUMATRA 40 BANDUNG,313,73.6,51.55,35.17,43.25
2016,Swasta,SMP TARUNA BAKTI BANDUNG,253,88.78,89.91,77.54,77.44
2016,Swasta,SMP K YAHYA BANDUNG,75,83.89,79.89,68,64.8
2016,Swasta,SMP AL-FALAH BANDUNG,231,70.32,43.3,30.75,40.75
2016,Swasta,SMP BUNGA BANGSA BANDUNG,77,65.12,41.35,31.2,37.21
2016,Swasta,SMP DARUL HIKAM BANDUNG,99,84.73,81.37,75.76,79.44
2016,Swasta,SMP ISTIQAMAH BANDUNG,89,83.8,82.02,60.11,70.73
2016,Swasta,SMP KEMAH INDONESIA 4 BANDUNG,65,61.51,44.06,28.35,36.35
2016,Swasta,SMP NASIONAL BANDUNG,196,71.1,49.29,31.93,42.45
2016,Swasta,SMP PASUNDAN 8 BANDUNG,197,67.07,45.96,30,40.77
2016,Swasta,SMP PGII 2 BANDUNG,210,78.4,59.1,42.81,48.85
2016,Swasta,SMP PGRI 6 BANDUNG,18,67.67,44.33,29.86,40.83
2016,Swasta,SMP PRIBADI,39,85.44,89.13,66.86,75.58
2016,Swasta,SMP SALMAN AL FARISI BANDUNG,76,87.63,88.08,79.93,82.2
2016,Swasta,SMP KARTIKA X-1 BANDUNG,213,71.92,49.23,35.39,47.49
2016,Swasta,SMP KEMALA BHAYANGKARI BANDUNG,220,71.69,53.3,32.42,46.41
2016,Swasta,SMP MAARIF 1 BANDUNG,51,66.43,47.61,34.46,51.18
2016,Swasta,SMP MUHAMMADIYAH 1 BANDUNG,70,65.49,44.46,31.25,44.43
2016,Swasta,SMP MUSLIMIN 3 BANDUNG,57,66.84,47.93,30.92,43.6
2016,Swasta,SMP PELITA BANDUNG,302,68.71,43.32,30.64,38.78
2016,Swasta,SMP PGRI 1 BANDUNG,107,70.86,44.26,31.96,41.45
2016,Swasta,SMP PGRI 3 BANDUNG,45,60.93,43.38,29.83,36.94
2016,Swasta,SMP SANTA MARIA BANDUNG,88,83.93,79.43,56.36,63.15
2016,Swasta,SMP TAMAN SISWA BANDUNG,51,69.22,42.31,31.08,38.87
2016,Swasta,SMP YPU BANDUNG,94,66.15,42.55,29.65,38.67
2016,Swasta,SMP K 4 BPK PENABUR,51,83.06,86.12,70.93,75.39
2016,Swasta,SMP AL HADI BANDUNG,173,65.75,41.61,30.92,40.78
2016,Swasta,SMP AL ISLAM,123,63.87,41.38,28.11,38.41
2016,Swasta,SMP PLUS BAITURRAHMAN,81,69.53,47.28,36.05,45.31
2016,Swasta,SMP BANDUNG INSTITUT,19,57.47,40.63,31.05,39.34
2016,Swasta,SMP BINA PERSADA NUSANTARA,20,59.9,33.1,26.88,32.5
2016,Swasta,SMP CENDEKIA MUDA,47,84.04,81.36,65.74,70.53
2016,Swasta,SMP GANTRA BANDUNG,58,61.62,38.86,30.56,36.12
2016,Swasta,SMP GEMA PANCASILA BANDUNG,18,61,44.56,33.33,41.67
2016,Swasta,SMP GUPPI UJUNG BERUNG,27,63.85,43.56,31.76,36.57
2016,Swasta,SMP KARYA PEMBANGUNAN 10,278,70.53,57.71,35.77,52.06
2016,Swasta,SMP LANGLANGBUANA,55,66.69,41.93,31.05,36.77
2016,Swasta,SMP MUHAMMADIYAH 3 BANDUNG,101,73.11,49.7,35.84,44.46
2016,Swasta,SMP MUTIARA BUNDA,84,83.17,79,64.67,67.17
2016,Swasta,SMP PGRI 10 BANDUNG,324,69.38,46.94,31.06,44.5
2016,Swasta,SMP PGRI 11,14,66.57,43.29,32.86,41.25
2016,Swasta,SMP TRIYASA BANDUNG,245,71.78,48.19,33.22,47.9
2016,Swasta,SMP YAYASAN ATIKAN SUNDA,268,72.77,52.53,34.92,46.26
2016,Swasta,SMP AL-GHIFARI,123,72.65,56.44,36.99,48.66
2016,Swasta,SMP AL-HASAN,87,67.13,45.01,31.87,42.41
2016,Swasta,SMP IGN SLAMET RIYADI,71,84.17,75.1,56.51,59.15
2016,Swasta,SMP MADYA BANDUNG,67,69.76,46.39,30.67,38.69
2016,Swasta,SMP MUHAMMADIYAH 9,107,66.06,42.13,30.28,41.71
2016,Swasta,SMP MUSLIMIN 5 BANDUNG,37,67.14,44.65,34.46,39.05
2016,Swasta,SMP OTISTA,45,66.04,43.6,31.39,38.56
2016,Swasta,SMP PGRI 7 BANDUNG,155,67.15,40.85,29.71,40.53
2016,Swasta,SMP PGRI 9 GEDEBAGE,62,65.58,59.26,61.01,57.34
2016,Swasta,SMP THARIIKUL JANNAH,4,69,55,34.38,43.13
2016,Swasta,SMP TULUS KARTIKA,114,63.89,39.72,29.65,37.26
2016,Swasta,SMP VIJAYA KUSUMA,358,71.02,48.08,32.12,42
2016,Swasta,SMP BINA DHARMA 2 BANDUNG,255,70.05,48.72,32.3,43.49
2016,Swasta,SMP BINA HARAPAN,37,63.46,39.24,28.99,35.47
2016,Swasta,SMP GUNA DHARMA,89,68.92,47.98,37.67,46.94
2016,Swasta,SMP KARYA NUSANTARA,42,67.95,43.71,27.68,42.62
2016,Swasta,SMP LANGLANG BUANA 2,74,64.92,41.59,28.21,38.95
2016,Swasta,SMP MUHAMMADIYAH 5 BANDUNG,68,65.59,47.71,31.47,43.49
2016,Swasta,SMP MUHAMMADIYAH 8 BANDUNG,126,80.46,74.68,56.33,66.53
2016,Swasta,SMP MUHAMMADIYAH 10,105,68.84,46.21,32.36,42.67
2016,Swasta,SMP NUSANTARA RAYA,116,68.17,42.79,30.37,39.68
2016,Swasta,SMP PGRI 8 BANDUNG,9,60.67,41.33,24.17,37.78
2016,Swasta,SMP SANTO  YUSUP,94,81.26,63.28,44.73,51.78
2016,Swasta,SMP ISLAM AL WASHLIYAH,18,66,37.11,31.81,39.31
2016,Swasta,SMP BINTANG MULIA,75,84.69,92.99,81.83,70.93
2016,Swasta,SMP BPI 1 BANDUNG,163,77.3,71.19,46.35,57.91
2016,Swasta,SMP BUDI ISTRI BANDUNG,90,66.04,43.4,29.5,39
2016,Swasta,SMP NUGRAHA BANDUNG,220,66.05,41.64,29.86,37.33
2016,Swasta,SMP PAHLAWAN TOHA,199,65.05,39.03,29.79,36.65
2016,Swasta,SMP PELITA BANGSA,24,78.83,64.58,44.9,56.67
2016,Swasta,SMP PLUS AL-GOZALI,14,68.43,42,32.68,37.32
2016,Swasta,SMP SANTO ALOYSIUS 2 BANDUNG,109,86.35,87.67,82.64,75.6
2016,Swasta,SMP SEBELAS MARET BANDUNG,74,69.73,47.3,29.32,40.51
2016,Swasta,SMP YAMI BANDUNG,34,59.29,41.94,30.74,36.99
2016,Swasta,SMP YPS SEJATI BANDUNG,12,59.67,33.33,28.54,34.38
2016,Swasta,SMP YUDHISTIRA,87,66.6,44.21,30.95,39.08
2016,Swasta,SMP K KALAM KUDUS,82,83.9,80,63.93,61.86
2016,Swasta,SMP BPK PENABUR HOLIS,224,85.54,84.77,75.69,77.17
2016,Swasta,SMP BPPI BOJONG,36,65.39,42.67,31.11,41.94
2016,Swasta,SMP GAMALIEL,101,84.87,76.02,69.28,68.44
2016,Swasta,SMP GRACIA BANDUNG,43,75.81,61.77,45.47,53.14
2016,Swasta,SMP JENDRAL SUDIRMAN,20,55.7,39.6,27.25,34
2016,Swasta,SMP MUTIARA 3 BANDUNG,15,66.53,40.4,30.5,37.33
2016,Swasta,SMP PASUNDAN 5 BANDUNG,273,68.21,43.74,30.46,37.48
2016,Swasta,SMP PASUNDAN 7 BANDUNG,223,68.84,46.93,33.39,40.33
2016,Swasta,SMP PASUNDAN 9 BANDUNG,181,63.9,41.24,30.01,36.37
2016,Swasta,SMP PLUS SINDANGRESMI,60,68.9,45.1,34.5,44.71
2016,Swasta,SMP SWADAYA 1 BANDUNG,231,70.32,46.1,31.23,39.96
2016,Swasta,SMP SWADAYA 2 BANDUNG,30,61.27,37.93,28.25,35.75
2016,Swasta,SMP YPKKP,223,64.39,40.7,27.2,37.05
2016,Swasta,SMP ASSALAAM,120,80.35,67.07,52.73,62.13
2016,Swasta,SMP COKROAMINOTO BANDUNG,2,60,38,27.5,41.25
2016,Swasta,SMP DEWI SARTIKA,247,67.48,44.03,30.44,37.97
2016,Swasta,SMP GANESHA BANDUNG,147,66.19,41.1,29.46,38.21
2016,Swasta,SMP MUHAMMADIYAH 7,28,66.07,46.36,30.45,38.04
2016,Swasta,SMP NUSANTARA BANDUNG,156,65.32,41.63,29.41,38.96
2016,Swasta,SMP PASUNDAN 1 BANDUNG,289,72.56,52.49,32.7,45.03
2016,Swasta,SMP PASUNDAN 2 BANDUNG,275,69.86,45.62,31.95,43.24
2016,Swasta,SMP WYATA DHARMA,52,62.15,42.04,29.86,38.89
2016,Swasta,SMP YOS SUDARSO,71,82.42,73.61,57.36,60.6
2016,Swasta,SMP K REHOBOTH BANDUNG,38,78.26,67.53,47.43,57.3
2016,Swasta,SMP STAMFORD INTERNATIONAL SCHOOL,17,71.88,86.94,57.06,57.94
2016,Swasta,SMP PLUS TEMARA ILMU,9,67.56,46.44,34.72,45.83
2016,Swasta,SMP AL BIRUNI CERDAS MULIA,47,79.96,73.23,49.1,56.81
2016,Swasta,SMP DAARUL QURAN,18,78.78,68.11,41.94,55.69
2016,Swasta,SMP ALFA CENTAURI,60,82.57,82.07,63.54,72.29
2016,Swasta,SMP PELITA NUSANTARA,35,83.6,86.06,60.36,68.5
2016,Swasta,SMP TUNAS UNGGUL,29,83.24,80.07,51.72,64.31
2016,Swasta,SMP JUARA,49,81.55,62.33,51.94,54.44
2016,Swasta,SMP HIKMAH TELADAN,34,74.65,64.94,48.68,54.12
2016,Swasta,SMP ISLAM TERPADU BINA INSAN UNGGUL,59,79.02,57.49,50.04,55.55
2016,Swasta,SMP BAHTERA,18,77.78,74.67,42.92,52.22
2016,Swasta,SMP DAARUT TAUHIID BOARDING SCHOOL,93,81.68,71.01,54.06,65.83
2016,Swasta,SMP SETIA BHAKTI,76,66.45,45.03,29.61,40.03
2016,Swasta,SMP KARYA BHAKTI,15,61.47,39.73,29,33
2016,Swasta,SMP TAHFIZHUL QURAN AMANAH UMMAH,23,67.74,47.48,31.74,43.7
2016,Swasta,SMP KUNTUM CEMERLANG,17,87.88,92.71,79.26,82.21
2016,Swasta,SMP CITRA CEMARA,33,82.48,78.24,55.3,58.71
2016,Swasta,SMP NEHRU MEMORIAL SCHOOL,16,70.88,84.13,52.97,61.25
2016,Swasta,SMP BANDUNG INDEPENDENT SCHOOL,11,67.64,89.09,57.27,55.91
2016,Swasta,MTS AL AMANAH,77,74.44,67.58,67.47,64.38
2016,Swasta,MTS AL HUDA,20,75.6,66,67.63,65.25
2016,Swasta,MTS AL ISLAM,21,73.9,64.48,67.62,65.48
2016,Swasta,MTS AL ISTIQOMAH,113,72.69,66.48,68.21,64.67
2016,Swasta,MTS ARROHMAH,37,73.89,68.05,71.69,64.32
2016,Swasta,MTS ASSUADA,23,69.57,66.78,65.22,66.74
2016,Swasta,MTS ASYSYARIFIYYAH,149,73.09,66.54,67.63,64.18
2016,Swasta,MTS ATTAUFIQ,59,70.54,70.81,69.32,69.07
2016,Swasta,MTS ATTAZHIMIYAH,164,72.26,65.67,66.52,61.23
2016,Swasta,MTS BAABUSSALAAM,128,73.16,68.41,66.29,64.53
2016,Swasta,MTS DAARUR RAHMAH,19,74.74,66.42,66.71,55.79
2016,Swasta,MTS MUHAMMADIYAH,63,74.22,67.59,69.29,65.24
2016,Swasta,MTS NURUL HUDA,62,74.68,68.35,68.02,64.07
2016,Swasta,MTS NURUL IMAN,318,74.02,67.61,68.51,65.31
2016,Swasta,MTS PERSATUAN ISLAM 29,47,73.45,67.19,66.97,61.91
2016,Swasta,MTS SALAFIYAH,16,77,66.63,68.28,57.34
2016,Swasta,MTS SIRNAMISKIN,280,73.03,66.12,69.1,65.73
2016,Swasta,MTS AL HASAN,20,73.3,67.5,68.5,57.63
2016,Swasta,MTS AL BURHAN,153,73.83,68.51,68.55,64.23
2016,Swasta,MTS AL INAYAH,153,77.22,68.46,68.77,64.95
2016,Swasta,MTS AL MISHBAH,94,75.74,68.34,67.71,63.7
2016,Swasta,MTS AL MURSYID,29,73.38,67.59,67.24,60.86
2016,Swasta,MTS ARROSYIDIYAH,108,75.41,68.63,70.28,64.26
2016,Swasta,MTS DARUL HIDAYAH,13,69.08,65.23,68.65,65.19
2016,Swasta,MTS KIFAYATUL ACHYAR,270,77.29,67.59,68.89,65.44
2016,Swasta,MTS MANBAUL HUDA,67,78.63,70.69,68.21,65.11
2016,Swasta,MTS MIFTAHUL FALAH,140,72.94,66.41,67.79,66.09
2016,Swasta,MTS MUHAJIRIN,31,71.42,69.03,68.79,64.6
2016,Swasta,MTS MULTAZAM,52,72.12,68.19,68.32,62.74
2016,Swasta,MTS NUR ROHMAH,7,74.86,67.71,65,65
2016,Swasta,MTS PERSIS 12,155,77.78,69.81,69.16,65
2016,Swasta,MTS YPPS SUKAMISKIN,176,77.01,71.32,74.02,76.56
2016,Swasta,MTS ZAKARIA,100,87.6,81.94,83.83,85.1
2016,Swasta,MTS AL HIKMAH,3,73.33,64,65,64.17
2016,Swasta,MTS AN NAJIYAH,66,82.39,78.12,70.76,68.45
2016,Swasta,MTS YASIPA,50,73.72,68.12,67.5,60.55
2016,Swasta,MTS AISYAH,78,72.23,67.56,69.42,62.88
2016,Swasta,MTS MIFTAHUL HUDA,49,79.39,75.55,70.92,66.68
2016,Swasta,MTS AZ ZAHRA,41,71.61,66.93,68.6,64.63
2016,Swasta,MTS ASSALAAM,39,77.44,67.59,70.45,64.17
2016,Swasta,MTS CIJAWURA,27,74.44,67.33,69.35,66.57
2017,Negeri,SMP NEGERI 1 BANDUNG,384,84.93,69.83,76.32,73.35
2017,Negeri,SMP NEGERI 2 BANDUNG,360,87.34,78.83,83.83,80.67
2017,Negeri,SMP NEGERI 3 BANDUNG,309,82.03,67.75,68.08,68.34
2017,Negeri,SMP NEGERI 4 BANDUNG,329,80.3,62.67,59.87,60.09
2017,Negeri,SMP NEGERI 5 BANDUNG,360,87.29,79.37,82.36,80.11
2017,Negeri,SMP NEGERI 6 BANDUNG,311,71.08,51.68,42.65,50.09
2017,Negeri,SMP NEGERI 7 BANDUNG,315,85.18,74.6,77.73,76.58
2017,Negeri,SMP NEGERI 8 BANDUNG,316,83.55,69.23,73.16,74.4
2017,Negeri,SMP NEGERI 9 BANDUNG,434,78.58,62.13,59.4,62.09
2017,Negeri,SMP NEGERI 10 BANDUNG,333,75.75,54.06,47.78,53.99
2017,Negeri,SMP NEGERI 11 BANDUNG,435,76.43,58.7,51.17,56.27
2017,Negeri,SMP NEGERI 12 BANDUNG,323,75.93,67.8,66.29,63.9
2017,Negeri,SMP NEGERI 13 BANDUNG,408,79.92,73.33,73.94,73.55
2017,Negeri,SMP NEGERI 14 BANDUNG,319,83.21,71.93,69.73,71.24
2017,Negeri,SMP NEGERI 15 BANDUNG,290,76.23,59.63,53.52,57.89
2017,Negeri,SMP NEGERI 16 BANDUNG,296,79.47,59.35,56.77,58.78
2017,Negeri,SMP NEGERI 17 BANDUNG,428,76.59,58.65,50.53,57.18
2017,Negeri,SMP NEGERI 18 BANDUNG,367,80.36,63.08,62.3,61.7
2017,Negeri,SMP NEGERI 19 BANDUNG,323,74.01,53.83,50.36,53.44
2017,Negeri,SMP NEGERI 20 BANDUNG,409,73.06,53.79,46.17,53.22
2017,Negeri,SMP NEGERI 21 BANDUNG,258,70.71,47.47,43.86,47.81
2017,Negeri,SMP NEGERI 22 BANDUNG,299,78.35,62.51,58.8,55.82
2017,Negeri,SMP NEGERI 23 BANDUNG,260,71.68,48.51,40.85,46.01
2017,Negeri,SMP NEGERI 24 BANDUNG,344,74.67,53.06,46.58,49.33
2017,Negeri,SMP NEGERI 25 BANDUNG,297,75.89,55.41,53.28,55.49
2017,Negeri,SMP NEGERI 26 BANDUNG,286,78.48,56.2,52.05,57.65
2017,Negeri,SMP NEGERI 27 BANDUNG,386,74.6,55.81,48.65,54.81
2017,Negeri,SMP NEGERI 28 BANDUNG,330,78.93,66.89,62.09,66.64
2017,Negeri,SMP NEGERI 29 BANDUNG,323,71.34,50.33,39.74,48.03
2017,Negeri,SMP NEGERI 30 BANDUNG,341,77.24,59.06,55.43,58.39
2017,Negeri,SMP NEGERI 31 BANDUNG,440,70.97,49.38,44.12,47.06
2017,Negeri,SMP NEGERI 32 BANDUNG,242,70.06,46.82,40.3,48.72
2017,Negeri,SMP NEGERI 33 BANDUNG,257,72.54,48.67,50.09,50.89
2017,Negeri,SMP NEGERI 34 BANDUNG,292,81.73,66.86,70,72.29
2017,Negeri,SMP NEGERI 35 BANDUNG,341,72.01,51.44,45.21,52.1
2017,Negeri,SMP NEGERI 36 BANDUNG,269,77.37,57.16,54.42,57.79
2017,Negeri,SMP NEGERI 37 BANDUNG,354,71.6,47.51,43.58,48.77
2017,Negeri,SMP NEGERI 38 BANDUNG,368,71.01,48.86,44.1,48.31
2017,Negeri,SMP NEGERI 39 BANDUNG,314,71.55,49.91,44.16,51.04
2017,Negeri,SMP NEGERI 40 BANDUNG,407,72.58,52.12,42.83,49.78
2017,Negeri,SMP NEGERI 41 BANDUNG,349,74.53,54.11,50.39,53.06
2017,Negeri,SMP NEGERI 42 BANDUNG,293,68.07,46.94,40.22,45.68
2017,Negeri,SMP NEGERI 43 BANDUNG,310,72.08,53.05,42.48,52.73
2017,Negeri,SMP NEGERI 44 BANDUNG,345,81,67.17,60.05,62.43
2017,Negeri,SMP NEGERI 45 BANDUNG,319,76.88,56.66,53,57.07
2017,Negeri,SMP NEGERI 46 BANDUNG,347,74.66,53.05,51.22,54.09
2017,Negeri,SMP NEGERI 47 BANDUNG,302,76.18,54.56,49.12,51.44
2017,Negeri,SMP NEGERI 48 BANDUNG,358,77.91,62.1,59.86,59.9
2017,Negeri,SMP NEGERI 49 BANDUNG,308,68.09,51.01,47.17,48.95
2017,Negeri,SMP NEGERI 50 BANDUNG,423,76.73,55.52,54.12,55.83
2017,Negeri,SMP NEGERI 51 BANDUNG,497,71.38,51.35,44.82,50.54
2017,Negeri,SMP NEGERI  52 BANDUNG,385,63.99,48.2,40.57,44.86
2017,Negeri,SMP NEGERI 53 KOTA BANDUNG,275,67.65,47.44,39.85,45.07
2017,Negeri,SMP NEGERI TERBUKA 12 BANDUNG,121,59.57,45.06,36.26,41.34
2017,Negeri,SMP NEGERI TERBUKA 40 BANDUNG,66,62,42.85,36.78,39.77
2017,Negeri,SMP NEGERI TERBUKA 27 BANDUNG,152,56.39,40.17,34.31,39.38
2017,Negeri,SMP NEGERI TERBUKA 8 BANDUNG,79,55.16,42.2,35.03,40.82
2017,Negeri,SMP NEGERI TERBUKA  51 BANDUNG,70,67.11,46.14,34.75,40.86
2017,Negeri,SMP NEGERI TERBUKA 36 BANDUNG,86,54.09,37.12,29.36,36.22
2017,Negeri,MTSN 1 KOTA BANDUNG,288,66.18,45.63,41.43,51.54
2017,Negeri,MTSN 2 KOTA BANDUNG,277,69.58,54.12,51.01,55.42
2017,Swasta,SMP BALA KESELAMATAN,10,65.2,45.4,37.5,37
2017,Swasta,SMP BUDI BAKTI BANDUNG,55,64.47,41.42,34.32,42.82
2017,Swasta,SMP PANDU BANDUNG,58,83.17,74,72.63,70.56
2017,Swasta,SMP PASUNDAN 4 BANDUNG,259,64.03,41.66,35.11,39.49
2017,Swasta,SMP WARINGIN BANDUNG,134,84.55,76.69,77.33,66.47
2017,Swasta,SMP YAQIN BANDUNG,60,65.87,44.97,33.96,39.79
2017,Swasta,SMP YPI BANDUNG,23,58.43,39.48,34.57,39.24
2017,Swasta,SMP K 1 BINA BAKTI BANDUNG,77,82.7,76.6,77.11,67.69
2017,Swasta,SMP K 2 BINA BAKTI BANDUNG,48,83.63,80.96,89.11,78.18
2017,Swasta,SMP K BPK PENABUR 1 BANDUNG,259,86.86,83.03,93.55,84.52
2017,Swasta,SMP K BPPK BANDUNG,29,71.72,50.62,44.48,43.97
2017,Swasta,SMP K PAULUS BANDUNG,26,74.77,62.31,51.25,49.81
2017,Swasta,SMP K TRIMULIA BANDUNG,46,84.22,81.04,86.63,77.34
2017,Swasta,SMP ADVENT II BANDUNG,33,76.85,65.76,64.32,58.41
2017,Swasta,SMP AL-HUSAINIYYAH BANDUNG,47,60.94,39.91,30.21,38.46
2017,Swasta,SMP BINA DHARMA 3 BANDUNG,38,66.05,44,33.49,42.89
2017,Swasta,SMP INDONESIA RAYA BANDUNG,129,65.26,41.05,33.7,40.43
2017,Swasta,SMP KARTIKA XIX-2,125,70.02,48.16,35.74,44.3
2017,Swasta,SMP MIFTAHUL IMAN BANDUNG,62,60.26,41.03,34.6,39.11
2017,Swasta,SMP MUHAMMADIYAH 6 BANDUNG,173,61.03,39.72,33.67,39.71
2017,Swasta,SMP PASUNDAN 3 BANDUNG,244,63.78,43.76,34.89,41.32
2017,Swasta,SMP PASUNDAN 10 BANDUNG,19,51.89,38.63,29.08,33.42
2017,Swasta,SMP PASUNDAN 12 BANDUNG,222,62.89,39.79,34.05,38.73
2017,Swasta,SMP PGRI 2 BANDUNG,93,59.48,40.45,32.5,38.39
2017,Swasta,SMP PGRI 5 BANDUNG,37,60.65,45.73,35.27,41.28
2017,Swasta,SMP SEKOLAH LABORATORIUM UPI,167,78.72,67.21,58.89,58.38
2017,Swasta,SMP K HIDUP BARU BANDUNG,13,76.92,58.62,42.88,47.31
2017,Swasta,SMP ADVENT CIMINDI,50,70.84,49.56,43.65,49.65
2017,Swasta,SMP ANGKASA LANUD HUSEIN. S,247,70.44,52.03,40.72,48.04
2017,Swasta,SMP BPMD TARUNA BANDUNG,8,60.75,39.5,35,39.38
2017,Swasta,SMP KIANSANTANG BANDUNG,23,55.65,38.78,27.83,34.02
2017,Swasta,SMP LPPN BANDUNG,26,57.23,39.77,31.15,39.42
2017,Swasta,SMP MUHAMMADIYAH 2 BANDUNG,42,62.29,42.76,37.62,41.01
2017,Swasta,SMP MUHAMMADIYAH 4 BANDUNG,11,64,44.55,32.05,39.77
2017,Swasta,SMP MUTIARA 1 BANDUNG,94,61.38,42.74,33.3,39.68
2017,Swasta,SMP MUTIARA 4 BANDUNG,303,65.75,43.55,35.73,43.46
2017,Swasta,SMP PAJAJARAN 1 BANDUNG,24,60.25,41.25,28.65,36.77
2017,Swasta,SMP PGRI 4,22,57.55,40,34.66,39.09
2017,Swasta,SMP RAJAWALI,11,56,38.73,27.73,40.91
2017,Swasta,SMP YWKA BANDUNG,122,70.69,50.07,40.59,43.79
2017,Swasta,SMP K BPK PENABUR 5 BANDUNG,137,84.58,75.17,79.93,75.51
2017,Swasta,SMP ADVENT BANDUNG,18,75.22,65.78,50.69,52.92
2017,Swasta,SMP BPP BANDUNG,82,64.76,43.73,31.89,40.15
2017,Swasta,SMP KRISTEN BAPTIS BANDUNG,42,79.52,64.19,56.01,63.04
2017,Swasta,SMP PERTIWI BANDUNG,36,61.17,41.11,33.89,37.36
2017,Swasta,SMP SANTA ANGELA BANDUNG,164,87.48,81,84.31,81.45
2017,Swasta,SMP SANTO ALOYSIUS 1 BANDUNG,124,87.31,81.31,87.28,81.23
2017,Swasta,SMP KARTIKA SILIWANGI XIX-1,166,67.54,47.48,36.04,45.84
2017,Swasta,SMP PASUNDAN 6 BANDUNG,149,64.47,42.46,35.65,41.64
2017,Swasta,SMP PGII-1 BANDUNG,306,73.61,54.56,41.98,49.09
2017,Swasta,SMP SANTA URSULA BANDUNG,134,84.58,76.46,75.69,72.76
2017,Swasta,SMP SUMATRA 40 BANDUNG,255,67.96,48.59,37.93,42.54
2017,Swasta,SMP TARUNA BAKTI BANDUNG,260,87.72,81.74,83.88,78.73
2017,Swasta,SMP K YAHYA BANDUNG,68,83.47,74.88,70.59,69.6
2017,Swasta,SMP AL-FALAH BANDUNG,207,66,43.13,36.36,42.64
2017,Swasta,SMP BUNGA BANGSA BANDUNG,64,62.75,38.22,33.55,40.55
2017,Swasta,SMP DARUL HIKAM BANDUNG,129,83.58,74,79.79,70.19
2017,Swasta,SMP ISTIQAMAH BANDUNG,88,82.86,70.52,62.84,68.13
2017,Swasta,SMP KEMAH INDONESIA 4 BANDUNG,39,60.31,36.56,29.62,35.96
2017,Swasta,SMP NASIONAL BANDUNG,203,67.34,44.47,36.18,42.57
2017,Swasta,SMP PASUNDAN 8 BANDUNG,193,64.87,42.76,35.1,40.34
2017,Swasta,SMP PGII 2 BANDUNG,300,74.77,53.64,45.78,46.5
2017,Swasta,SMP PGRI 6 BANDUNG,23,65.13,39.57,35.22,35.76
2017,Swasta,SMP PRIBADI,36,84.5,80.72,78.89,79.51
2017,Swasta,SMP SALMAN AL FARISI BANDUNG,77,85.71,81.84,83.25,80.52
2017,Swasta,SMP KARTIKA X-1 BANDUNG,220,66.89,44.18,34.69,41.15
2017,Swasta,SMP KEMALA BHAYANGKARI BANDUNG,267,64.4,44.52,34.94,42.65
2017,Swasta,SMP MAARIF 1 BANDUNG,46,55.74,40.83,35.16,38.53
2017,Swasta,SMP MUHAMMADIYAH 1 BANDUNG,63,60.76,42.19,36.87,43.45
2017,Swasta,SMP MUSLIMIN 3 BANDUNG,36,57.56,44.89,35.56,40.56
2017,Swasta,SMP PELITA BANDUNG,252,62.67,40.58,33.55,39.37
2017,Swasta,SMP PGRI 1 BANDUNG,92,61.09,39.98,35.73,39.86
2017,Swasta,SMP PGRI 3 BANDUNG,44,59.91,38.41,30.85,34.89
2017,Swasta,SMP SANTA MARIA BANDUNG,92,82.74,72.41,60.05,65.9
2017,Swasta,SMP TAMAN SISWA BANDUNG,73,65.15,42.49,35.03,41.37
2017,Swasta,SMP YPU BANDUNG,63,49.56,38.35,33.1,35.99
2017,Swasta,SMP K 4 BPK PENABUR,40,84.05,75.55,86.06,77.19
2017,Swasta,SMP AL HADI BANDUNG,213,60.82,41.79,32.48,40.55
2017,Swasta,SMP AL ISLAM,119,54.17,38.67,34.64,38.42
2017,Swasta,SMP PLUS BAITURRAHMAN,122,68.03,47.28,41.66,46.15
2017,Swasta,SMP BANDUNG INSTITUT,31,53.1,38.9,32.66,38.39
2017,Swasta,SMP BINA PERSADA NUSANTARA,23,52.87,36.52,34.13,37.17
2017,Swasta,SMP CENDEKIA MUDA,53,81.51,74.6,69.91,65.28
2017,Swasta,SMP GANTRA BANDUNG,48,58.38,42.21,44.95,48.8
2017,Swasta,SMP GEMA PANCASILA BANDUNG,20,63.8,40.7,35.75,36.63
2017,Swasta,SMP GUPPI UJUNG BERUNG,40,75.65,56.7,63.88,53.69
2017,Swasta,SMP KARYA PEMBANGUNAN 10,256,66.09,48.25,41.95,48.5
2017,Swasta,SMP LANGLANGBUANA,59,54.07,41.12,36.02,36.91
2017,Swasta,SMP MUHAMMADIYAH 3 BANDUNG,99,69.47,45.49,39.72,43.16
2017,Swasta,SMP MUTIARA BUNDA,75,80.51,71.68,69.1,65.53
2017,Swasta,SMP PGRI 10 BANDUNG,308,65.19,44.75,37.74,44.42
2017,Swasta,SMP PGRI 11,14,60,40.71,32.14,38.57
2017,Swasta,SMP TRIYASA BANDUNG,249,64.26,43.03,37.04,44.59
2017,Swasta,SMP YAYASAN ATIKAN SUNDA,258,70.09,46.12,38.17,43.06
2017,Swasta,SMP AL-GHIFARI,194,69.94,53.65,44.01,51.44
2017,Swasta,SMP AL-HASAN,83,66.7,44.65,34.88,45.09
2017,Swasta,SMP IGN SLAMET RIYADI,67,81.67,70.48,62.13,64.07
2017,Swasta,SMP MADYA BANDUNG,82,61.44,41.37,32.07,39.48
2017,Swasta,SMP MUHAMMADIYAH 9,122,63.9,40.97,33.85,40.96
2017,Swasta,SMP MUSLIMIN 5 BANDUNG,27,66.07,38.52,34.72,40.83
2017,Swasta,SMP OTISTA,40,58.55,41.55,37.38,41.88
2017,Swasta,SMP PGRI 7 BANDUNG,231,65.64,41.5,34.97,40.02
2017,Swasta,SMP PGRI 9 GEDEBAGE,54,54.3,36.22,34.07,33.33
2017,Swasta,SMP THARIIKUL JANNAH,6,59,43.33,30.83,33.75
2017,Swasta,SMP TULUS KARTIKA,101,63.39,49.88,39.06,44.43
2017,Swasta,SMP VIJAYA KUSUMA,374,66.09,44.59,38.36,43.31
2017,Swasta,SMP BINA DHARMA 2 BANDUNG,222,65.35,46.11,35.64,41.42
2017,Swasta,SMP BINA HARAPAN,35,53.03,37.03,33.93,36.93
2017,Swasta,SMP GUNA DHARMA,94,64.74,41.11,35.16,46.76
2017,Swasta,SMP KARYA NUSANTARA,38,59.95,43.37,34.41,39.08
2017,Swasta,SMP LANGLANG BUANA 2,94,52.23,39.06,33.62,38.22
2017,Swasta,SMP MUHAMMADIYAH 5 BANDUNG,39,60.41,40.36,33.53,40.9
2017,Swasta,SMP MUHAMMADIYAH 8 BANDUNG,145,79.64,64.54,56.02,61.22
2017,Swasta,SMP MUHAMMADIYAH 10,121,65.67,42.61,35.27,42.56
2017,Swasta,SMP NUSANTARA RAYA,168,60.62,39.86,32.49,38.38
2017,Swasta,SMP PGRI 8 BANDUNG,44,59.36,41.64,30.91,34.89
2017,Swasta,SMP SANTO  YUSUP,96,79.25,63.6,56.15,58.98
2017,Swasta,SMP ISLAM AL WASHLIYAH,11,55.82,34.73,33.5,36.14
2017,Swasta,SMP BINTANG MULIA,72,84.83,84.67,89.86,78.72
2017,Swasta,SMP BPI 1 BANDUNG,206,75.88,62.88,51.36,56.3
2017,Swasta,SMP BUDI ISTRI BANDUNG,81,58.49,42.32,32.78,41.05
2017,Swasta,SMP NUGRAHA BANDUNG,189,63.2,42.43,34.46,39.83
2017,Swasta,SMP PAHLAWAN TOHA,188,56.87,37.91,31.49,35.74
2017,Swasta,SMP PELITA BANGSA,38,77.37,65.74,52.5,57.7
2017,Swasta,SMP PLUS AL-GOZALI,5,58,37.6,33,37.5
2017,Swasta,SMP SANTO ALOYSIUS 2 BANDUNG,100,86.68,80.88,88.6,78.03
2017,Swasta,SMP SEBELAS MARET BANDUNG,125,61.81,39.22,32.68,37.86
2017,Swasta,SMP YAMI BANDUNG,27,51.26,40.22,28.61,33.24
2017,Swasta,SMP YPS SEJATI BANDUNG,8,42.5,37.75,34.69,34.38
2017,Swasta,SMP YUDHISTIRA,101,61.68,41.68,30.77,39.18
2017,Swasta,SMP K KALAM KUDUS,62,83.16,75.16,70.36,65.44
2017,Swasta,SMP BPK PENABUR HOLIS,180,84.19,77.58,84.22,79.14
2017,Swasta,SMP BPPI BOJONG,32,61.31,40.19,33.59,39.69
2017,Swasta,SMP GAMALIEL,101,81.68,67.21,78.39,63.04
2017,Swasta,SMP GRACIA BANDUNG,23,72.78,57.83,50.87,52.07
2017,Swasta,SMP JENDRAL SUDIRMAN,27,57.78,41.41,29.81,34.26
2017,Swasta,SMP MUTIARA 3 BANDUNG,23,57.13,38.87,33.04,35
2017,Swasta,SMP PASUNDAN 5 BANDUNG,200,63.52,40.26,31.2,39.14
2017,Swasta,SMP PASUNDAN 7 BANDUNG,164,64.67,39.6,35.08,41.49
2017,Swasta,SMP PASUNDAN 9 BANDUNG,154,61.58,37.81,30.67,38.43
2017,Swasta,SMP PLUS SINDANGRESMI,58,63.72,42.07,35.13,40.99
2017,Swasta,SMP SWADAYA 1 BANDUNG,279,58.87,41.43,36.07,40.61
2017,Swasta,SMP SWADAYA 2 BANDUNG,47,54.72,42.55,35.69,37.77
2017,Swasta,SMP YPKKP,187,58.37,38.64,32.46,38.7
2017,Swasta,SMP ASSALAAM,179,75.85,58.63,51.23,58.45
2017,Swasta,SMP DEWI SARTIKA,198,63.88,40.84,34.09,38.66
2017,Swasta,SMP GANESHA BANDUNG,124,57.66,38.81,32.1,34.46
2017,Swasta,SMP MUHAMMADIYAH 7,29,58.76,40.69,33.97,39.83
2017,Swasta,SMP NUSANTARA BANDUNG,104,61.63,41.46,32.48,40.36
2017,Swasta,SMP PASUNDAN 1 BANDUNG,314,67.17,47.33,36.17,42.7
2017,Swasta,SMP PASUNDAN 2 BANDUNG,202,63.82,44.98,37.82,42.44
2017,Swasta,SMP WYATA DHARMA,39,54.56,35.79,29.49,34.74
2017,Swasta,SMP YOS SUDARSO,63,80.41,66,61.75,61.15
2017,Swasta,SMP K REHOBOTH BANDUNG,38,75.05,64.84,49.01,58.36
2017,Swasta,SMP STAMFORD INTERNATIONAL SCHOOL,14,71.86,79.86,63.21,58.04
2017,Swasta,SMP PLUS TEMARA ILMU,6,67.33,39.67,40.42,44.17
2017,Swasta,SMP AL BIRUNI CERDAS MULIA,63,77.87,63.59,54.84,57.7
2017,Swasta,SMP DAARUL QURAN,14,71,60.29,48.21,54.82
2017,Swasta,SMP ALFA CENTAURI,83,81.49,73.86,65.09,64.52
2017,Swasta,SMP PELITA NUSANTARA,40,81.05,74.05,54.63,62.13
2017,Swasta,SMP TUNAS UNGGUL,48,84.25,73.38,66.46,67.45
2017,Swasta,SMP JUARA,48,75.67,56.04,56.41,55.57
2017,Swasta,SMP HIKMAH TELADAN,63,76.57,62,52.34,55.56
2017,Swasta,SMP ISLAM TERPADU BINA INSAN UNGGUL,40,74.55,50.75,55.81,56.44
2017,Swasta,SMP BAHTERA,31,79.42,70.58,57.98,58.15
2017,Swasta,SMP DAARUT TAUHIID BOARDING SCHOOL,191,79.52,61.84,58.02,64.41
2017,Swasta,SMP SETIA BHAKTI,89,65.62,45.98,42.13,42.92
2017,Swasta,SMP KARYA BHAKTI,9,55.11,39.56,32.22,32.5
2017,Swasta,SMP TAHFIZHUL QURAN AMANAH UMMAH,22,58.64,41.09,37.61,43.41
2017,Swasta,SMP KUNTUM CEMERLANG,31,85.55,82,82.98,77.82
2017,Swasta,SMP CITRA CEMARA,37,81.46,70.38,67.09,63.31
2017,Swasta,SMP NEHRU MEMORIAL SCHOOL,26,70.38,77.54,58.46,55.29
2017,Swasta,SMP BANDUNG INDEPENDENT SCHOOL,9,64.67,78,48.61,44.72
2017,Swasta,SMP TEMASEK INDEPENDENT SCHOOL,14,72.71,76.29,61.25,59.29
2017,Swasta,SMP SEMI PALAR,15,81.87,78.4,65,67.83
2017,Swasta,SMP BPK PENABUR BANDA,22,80.64,83.27,90.8,83.3
2017,Swasta,SMP KRISTEN BPK PENABUR SINGGASANA,49,86.37,83.51,91.43,81.12
2017,Swasta,SMP ISLAM AL-AZHAR 36,96,81.96,70.88,66.8,67.86
2017,Swasta,SMP EDU GLOBAL,19,83.58,75.16,79.21,69.47
2017,Swasta,SMP BINA SARANA CENDEKIA,39,63.03,45.49,37.69,40.13
2017,Swasta,SMP SURYA KENCANA BHAKTI,29,68.21,52.62,45.78,54.91
2017,Swasta,MTS AL AMANAH,85,56.61,42.38,35.94,41.91
2017,Swasta,MTS AL HUDA,24,57.92,40.92,36.77,38.44
2017,Swasta,MTS AL ISLAM,82,58.61,41.8,35.82,39.48
2017,Swasta,MTS AL ISTIQOMAH,92,54.74,39.07,34.67,37.91
2017,Swasta,MTS ARROHMAH,65,61.29,41.82,36.65,41.35
2017,Swasta,MTS ASSUADA,34,50.59,39.24,35.07,36.32
2017,Swasta,MTS ASYSYARIFIYYAH,183,57.37,41.19,35.94,39.17
2017,Swasta,MTS ATTAUFIQ,63,57.43,41.9,41.87,40.56
2017,Swasta,MTS ATTAZHIMIYAH,153,58.9,41.36,36.55,39.38
2017,Swasta,MTS BAABUSSALAAM,93,55.76,39.87,35.27,38.28
2017,Swasta,MTS DAARUR RAHMAH,15,56.13,36.4,37.67,38.33
2017,Swasta,MTS MUHAMMADIYAH,78,58.59,42.74,34.81,40.38
2017,Swasta,MTS NURUL HUDA,81,57.28,41.46,35.12,38.89
2017,Swasta,MTS NURUL IMAN,357,59.56,41.37,36.82,40.91
2017,Swasta,MTS PERSATUAN ISLAM 29,37,58.76,39.78,33.92,39.93
2017,Swasta,MTS SALAFIYAH,20,59.6,38.6,35.75,41
2017,Swasta,MTS SIRNAMISKIN,344,62.19,41.22,34.57,40.05
2017,Swasta,MTS AL HASAN,20,61.9,42.1,37.38,42.13
2017,Swasta,MTS AL BURHAN,153,57.82,40.29,38.61,40.41
2017,Swasta,MTS AL INAYAH,158,64.92,45.65,39.64,47.48
2017,Swasta,MTS AL MISHBAH,66,63.55,43.55,38.86,42.61
2017,Swasta,MTS AL MURSYID,21,52.86,37.71,36.67,35.48
2017,Swasta,MTS ARROSYIDIYAH,153,62.77,46.88,40.36,45.08
2017,Swasta,MTS DARUL HIDAYAH,17,50.71,40.59,32.94,40.59
2017,Swasta,MTS KIFAYATUL ACHYAR,203,61.17,42.8,36.06,42.36
2017,Swasta,MTS MANBAUL HUDA,92,65.78,47.63,41.47,44.43
2017,Swasta,MTS MIFTAHUL FALAH,132,60.08,41.45,36.29,40.87
2017,Swasta,MTS MUHAJIRIN,37,58.86,39.89,35.54,38.51
2017,Swasta,MTS MULTAZAM,63,58.16,40.92,36.15,38.13
2017,Swasta,MTS NUR ROHMAH,12,61.5,36.17,33.33,38.96
2017,Swasta,MTS PERSIS 1-2,187,64.11,49.66,41.23,44.47
2017,Swasta,MTS YPPS SUKAMISKIN,194,69.26,51.94,77.99,78.39
2017,Swasta,MTS ZAKARIA,99,81.92,71.37,82.15,81.77
2017,Swasta,MTS AL HIKMAH,8,54.75,45.5,35.63,36.56
2017,Swasta,MTS AN NAJIYAH,24,75.67,66.5,68.85,64.48
2017,Swasta,MTS YASIPA,30,63.33,38.87,39.58,38.75
2017,Swasta,MTS AISYAH,72,57.03,39.58,35.07,40.59
2017,Swasta,MTS MIFTAHUL HUDA,30,65.13,56.73,46.5,47.42
2017,Swasta,MTS AZ ZAHRA,59,53.39,38.41,34.7,38.98
2017,Swasta,MTS ASSALAAM,35,67.31,49.43,45.86,54.43
2017,Swasta,MTS CIJAWURA,44,63.55,41.18,38.81,43.47
2018,Negeri,SMP NEGERI 1 BANDUNG,391,84.28,74.3,76.04,69.51
2018,Negeri,SMP NEGERI 2 BANDUNG,348,85.52,81.75,80.7,78.46
2018,Negeri,SMP NEGERI 3 BANDUNG,297,79.92,69.53,61.02,63.48
2018,Negeri,SMP NEGERI 4 BANDUNG,385,79.74,69.06,59.95,62.75
2018,Negeri,SMP NEGERI 5 BANDUNG,395,88.96,79.23,81.88,78.25
2018,Negeri,SMP NEGERI 6 BANDUNG,556,72.04,60.02,44.66,51.44
2018,Negeri,SMP NEGERI 7 BANDUNG,383,83.9,77.73,71.5,71.01
2018,Negeri,SMP NEGERI 8 BANDUNG,312,79.08,68.19,61.74,66.12
2018,Negeri,SMP NEGERI 9 BANDUNG,347,70.84,58.14,48.33,52.74
2018,Negeri,SMP NEGERI 10 BANDUNG,398,70.1,54.3,42.62,49.03
2018,Negeri,SMP NEGERI 11 BANDUNG,417,73.53,60.49,47.24,51.58
2018,Negeri,SMP NEGERI 12 BANDUNG,399,78.81,69.28,62.68,60.98
2018,Negeri,SMP NEGERI 13 BANDUNG,322,83.57,74.86,68.29,69.91
2018,Negeri,SMP NEGERI 14 BANDUNG,355,81.32,72.88,64.56,66.04
2018,Negeri,SMP NEGERI 15 BANDUNG,342,75.13,59.83,49.31,55.13
2018,Negeri,SMP NEGERI 16 BANDUNG,350,71.19,55.25,46.37,50.94
2018,Negeri,SMP NEGERI 17 BANDUNG,428,72.81,60.32,47.94,53.91
2018,Negeri,SMP NEGERI 18 BANDUNG,419,72.42,56.46,45.41,51.16
2018,Negeri,SMP NEGERI 19 BANDUNG,266,68.62,54.05,42.89,48.15
2018,Negeri,SMP NEGERI 20 BANDUNG,529,71.74,58.87,46.04,53.62
2018,Negeri,SMP NEGERI 21 BANDUNG,477,70.3,53.12,44.13,47.68
2018,Negeri,SMP NEGERI 22 BANDUNG,365,75.02,63.83,52.48,52.29
2018,Negeri,SMP NEGERI 23 BANDUNG,277,69.16,49.08,41.44,47.02
2018,Negeri,SMP NEGERI 24 BANDUNG,254,70.96,55.21,45.42,48.45
2018,Negeri,SMP NEGERI 25 BANDUNG,279,73.41,57.26,50.11,53.28
2018,Negeri,SMP NEGERI 26 BANDUNG,283,74.67,57.98,48.63,51.78
2018,Negeri,SMP NEGERI 27 BANDUNG,408,71.48,58.41,47.67,52.64
2018,Negeri,SMP NEGERI 28 BANDUNG,326,79.37,70.3,60.81,65.77
2018,Negeri,SMP NEGERI 29 BANDUNG,508,71.75,58.13,44.95,50.89
2018,Negeri,SMP NEGERI 30 BANDUNG,386,73.26,58.48,47.95,55.3
2018,Negeri,SMP NEGERI 31 BANDUNG,495,68.59,51.71,40.11,46.7
2018,Negeri,SMP NEGERI 32 BANDUNG,278,67.09,50.16,42.18,47.19
2018,Negeri,SMP NEGERI 33 BANDUNG,360,68.69,52.21,44.4,47.24
2018,Negeri,SMP NEGERI 34 BANDUNG,336,76.63,64.64,57.92,62.76
2018,Negeri,SMP NEGERI 35 BANDUNG,378,70.4,52.39,42.31,49.36
2018,Negeri,SMP NEGERI 36 BANDUNG,269,74.25,62.18,53.11,54.82
2018,Negeri,SMP NEGERI 37 BANDUNG,352,69.2,50.11,44.51,48.08
2018,Negeri,SMP NEGERI 38 BANDUNG,365,67.28,50.2,38.73,46.32
2018,Negeri,SMP NEGERI 39 BANDUNG,273,71.78,56.72,44.62,49.08
2018,Negeri,SMP NEGERI 40 BANDUNG,360,69.62,56.56,42.51,48.94
2018,Negeri,SMP NEGERI 41 BANDUNG,396,69.84,54.17,45.99,49.26
2018,Negeri,SMP NEGERI 42 BANDUNG,521,68.78,54.31,40.7,47.32
2018,Negeri,SMP NEGERI 43 BANDUNG,351,71.14,61.47,46.99,56.64
2018,Negeri,SMP NEGERI 44 BANDUNG,353,79.41,69.8,54.18,59.04
2018,Negeri,SMP NEGERI 45 BANDUNG,481,72.85,60.02,47.37,54.95
2018,Negeri,SMP NEGERI 46 BANDUNG,338,71.91,54.92,46.22,51.43
2018,Negeri,SMP NEGERI 47 BANDUNG,254,71.46,54.04,45.37,48.13
2018,Negeri,SMP NEGERI 48 BANDUNG,362,74.12,61.11,50.88,57.04
2018,Negeri,SMP NEGERI 49 BANDUNG,394,70.94,53.56,45.88,49.89
2018,Negeri,SMP NEGERI 50 BANDUNG,450,70.85,55.65,46.84,50.89
2018,Negeri,SMP NEGERI 51 BANDUNG,450,71.36,54.84,42.47,48.71
2018,Negeri,SMP NEGERI  52 BANDUNG,432,66.39,50.97,37.99,46.49
2018,Negeri,SMP NEGERI 53 KOTA BANDUNG,214,70.52,50.93,38.93,47.65
2018,Negeri,SMP NEGERI 54,208,71.01,55.04,42.33,48.1
2018,Negeri,SMP NEGERI TERBUKA 12 BANDUNG,74,60.92,43.38,34.56,38.51
2018,Negeri,SMP NEGERI TERBUKA 40 BANDUNG,31,62.13,48.97,38.55,42.74
2018,Negeri,SMP NEGERI TERBUKA 27 BANDUNG,190,61.66,45.94,34.32,41.87
2018,Negeri,SMP NEGERI TERBUKA 8 BANDUNG,73,60.19,39.7,33.42,42.02
2018,Negeri,SMP NEGERI TERBUKA  51 BANDUNG,77,64.6,48.81,34.09,41.66
2018,Negeri,SMP NEGERI TERBUKA 36 BANDUNG,118,52.76,39.15,31.23,37.75
2018,Negeri,MTSN 1 KOTA BANDUNG,315,73.92,55.35,45.29,56.36
2018,Negeri,MTSN 2 KOTA BANDUNG,321,78.22,63.96,55.97,60.05
2018,Swasta,SMP BALA KESELAMATAN,15,64.4,50.4,33.5,38.83
2018,Swasta,SMP BUDI BAKTI BANDUNG,61,64.36,44.49,32.91,43.03
2018,Swasta,SMP PANDU BANDUNG,61,80.85,74.56,65.61,67.54
2018,Swasta,SMP PASUNDAN 4 BANDUNG,201,63.11,46.98,36.01,44.2
2018,Swasta,SMP WARINGIN BANDUNG,151,81.23,80.32,73.21,61.94
2018,Swasta,SMP YAQIN BANDUNG,66,66.67,49.21,34.89,45.38
2018,Swasta,SMP YPI BANDUNG,19,57.47,40.63,46.84,45.79
2018,Swasta,SMP K 1 BINA BAKTI BANDUNG,65,84.15,81.51,72.69,70.19
2018,Swasta,SMP K 2 BINA BAKTI BANDUNG,39,82.77,78.87,82.31,69.04
2018,Swasta,SMPK 1 BPK PENABUR,300,86.89,86.94,90.86,85.33
2018,Swasta,SMP K BPPK BANDUNG,39,75.74,61.79,52.44,50.32
2018,Swasta,SMP K PAULUS BANDUNG,15,71.87,66.8,50.33,64.67
2018,Swasta,SMP K TRIMULIA BANDUNG,39,85.13,85.18,80.77,71.28
2018,Swasta,SMP ADVENT II BANDUNG,43,72.42,68.6,56.34,53.31
2018,Swasta,SMP AL-HUSAINIYYAH BANDUNG,42,64.24,45.81,34.05,41.19
2018,Swasta,SMP BINA DHARMA 3 BANDUNG,14,70.71,44.86,34.11,40.36
2018,Swasta,SMP INDONESIA RAYA BANDUNG,102,62.25,45,32.7,40.39
2018,Swasta,SMP KARTIKA XIX-2,129,67.69,54.88,40.08,47.46
2018,Swasta,SMP MIFTAHUL IMAN BANDUNG,44,56.5,44.27,34.89,41.99
2018,Swasta,SMP MUHAMMADIYAH 6 BANDUNG,106,59.83,43,33.02,40.24
2018,Swasta,SMP PASUNDAN 3 BANDUNG,239,65.02,49.97,36.24,43.66
2018,Swasta,SMP PASUNDAN 10 BANDUNG,18,46.67,36.11,26.11,36.76
2018,Swasta,SMP PASUNDAN 12 BANDUNG,211,62.47,45.99,34.63,42
2018,Swasta,SMP PGRI 2 BANDUNG,67,57.73,42.72,33.32,40.19
2018,Swasta,SMP PGRI 5 BANDUNG,21,66.76,53.52,39.88,43.45
2018,Swasta,SMP SEKOLAH LABORATORIUM UPI,158,76.22,71.89,57.72,58.97
2018,Swasta,SMP K HIDUP BARU BANDUNG,15,79.33,55.33,47.67,45.33
2018,Swasta,SMP ADVENT CIMINDI,46,72.74,64.61,45.49,50.16
2018,Swasta,SMP ANGKASA LANUD HUSEIN. S,312,73.64,61.29,45.1,49.66
2018,Swasta,SMP BPMD TARUNA BANDUNG,15,67.47,44.4,31.5,40.17
2018,Swasta,SMP KIANSANTANG BANDUNG,11,56.73,40.55,30.45,37.95
2018,Swasta,SMP LPPN BANDUNG,12,59.83,41,31.46,38.96
2018,Swasta,SMP MUHAMMADIYAH 2 BANDUNG,37,60.65,42.92,34.46,39.86
2018,Swasta,SMP MUHAMMADIYAH 4 BANDUNG,17,64.71,47.29,31.76,40.88
2018,Swasta,SMP MUTIARA 1 BANDUNG,66,62.82,44.7,34.66,42.65
2018,Swasta,SMP MUTIARA 4 BANDUNG,308,66.03,47.87,36.85,45.52
2018,Swasta,SMP PAJAJARAN 1 BANDUNG,13,54.46,40.92,34.81,37.88
2018,Swasta,SMP PGRI 4,26,61.46,37.69,31.92,35.19
2018,Swasta,SMP RAJAWALI,7,66,44.86,35.36,44.64
2018,Swasta,SMP YWKA BANDUNG,77,73.4,56.03,39.58,49.06
2018,Swasta,SMPK 5 BPK PENABUR BANDUNG,151,84.75,79.92,79.77,76.01
2018,Swasta,SMP ADVENT BANDUNG,9,72,67.33,45,53.89
2018,Swasta,SMP BPP BANDUNG,71,65.21,55.86,39.72,44.96
2018,Swasta,SMP KRISTEN BAPTIS BANDUNG,42,80.05,69.33,65.06,64.52
2018,Swasta,SMP PERTIWI BANDUNG,37,64.43,51.14,34.39,43.11
2018,Swasta,SMP SANTA ANGELA BANDUNG,159,86.42,80.04,84.34,77.8
2018,Swasta,SMP SANTO ALOYSIUS 1 BANDUNG,119,85.61,83.6,85.65,75.29
2018,Swasta,SMP KARTIKA SILIWANGI XIX-1,221,73.17,59,41.93,47.41
2018,Swasta,SMP PASUNDAN 6 BANDUNG,217,70.83,53.6,43.25,49.87
2018,Swasta,SMP PGII-1 BANDUNG,329,74.82,65.17,51.06,53.09
2018,Swasta,SMP SANTA URSULA BANDUNG,125,85.38,78.21,74.66,69.52
2018,Swasta,SMP SUMATRA 40 BANDUNG,223,70.47,57.43,40.65,48.5
2018,Swasta,SMP TARUNA BAKTI BANDUNG,251,86.41,86.34,80.45,75.54
2018,Swasta,SMP K YAHYA BANDUNG,54,84.78,79.52,74.86,69.12
2018,Swasta,SMP AL-FALAH BANDUNG,223,66.31,47.21,39.24,45.55
2018,Swasta,SMP BUNGA BANGSA BANDUNG,75,59.52,43.89,34.53,41.17
2018,Swasta,SMP DARUL HIKAM BANDUNG,116,81.72,78.52,76.44,74.59
2018,Swasta,SMP ISTIQAMAH BANDUNG,110,81,76.53,58.93,62.09
2018,Swasta,SMP KEMAH INDONESIA 4 BANDUNG,38,60.68,43.79,33.03,38.95
2018,Swasta,SMP NASIONAL BANDUNG,187,67.6,48.95,37.93,44.97
2018,Swasta,SMP PASUNDAN 8 BANDUNG,184,61.36,46.2,32.99,41.93
2018,Swasta,SMP PGII 2 BANDUNG,235,75.69,58.37,45.41,50.34
2018,Swasta,SMP PGRI 6 BANDUNG,26,57.85,41.38,35.96,38.17
2018,Swasta,SMP PRIBADI,40,85.8,80.1,71.19,69.94
2018,Swasta,SMP SALMAN AL FARISI BANDUNG,88,86.64,84.14,84.63,79.06
2018,Swasta,SMP KARTIKA X-1 BANDUNG,179,72.56,56.84,43.66,48.49
2018,Swasta,SMP KEMALA BHAYANGKARI BANDUNG,256,67.19,53.95,38,45.89
2018,Swasta,SMP MAARIF 1 BANDUNG,41,63.46,44.29,34.7,40.91
2018,Swasta,SMP MUHAMMADIYAH 1 BANDUNG,70,63.49,45.37,34.61,41.29
2018,Swasta,SMP MUSLIMIN 3 BANDUNG,25,63.44,39.2,36,41.4
2018,Swasta,SMP PELITA BANDUNG,162,62.46,45.09,35.17,42.08
2018,Swasta,SMP PGRI 1 BANDUNG,73,65.84,44.47,34.83,42.57
2018,Swasta,SMP PGRI 3 BANDUNG,21,61.43,38.19,29.4,38.1
2018,Swasta,SMP SANTA MARIA BANDUNG,89,81.89,77.62,66.35,66.66
2018,Swasta,SMP TAMAN SISWA BANDUNG,34,67.76,47.47,35.66,47.13
2018,Swasta,SMP YPU BANDUNG,30,63.4,43.73,28,39.92
2018,Swasta,SMP K 4 BPK PENABUR,40,83.9,76.65,74.44,66.5
2018,Swasta,SMP AL HADI BANDUNG,199,60.9,46.3,34.33,43.53
2018,Swasta,SMP AL ISLAM,81,55.26,41.98,32.81,40.28
2018,Swasta,SMP PLUS BAITURRAHMAN,201,66.31,46.42,39.9,43.33
2018,Swasta,SMP BANDUNG INSTITUT,36,60.44,42.22,33.54,38.33
2018,Swasta,SMP BINA PERSADA NUSANTARA,16,61.88,42.5,31.09,40.31
2018,Swasta,SMP CENDEKIA MUDA,45,83.78,79.78,72.94,68.89
2018,Swasta,SMP GANTRA BANDUNG,88,58.16,38.66,34.97,43.78
2018,Swasta,SMP GEMA PANCASILA BANDUNG,18,63,40.11,32.64,44.31
2018,Swasta,SMP GUPPI UJUNG BERUNG,22,59.36,44.64,48.3,46.14
2018,Swasta,SMP KARYA PEMBANGUNAN 10,182,62.86,51.76,41.06,50.56
2018,Swasta,SMP LANGLANGBUANA,48,54.46,38.21,30.83,37.92
2018,Swasta,SMP MUHAMMADIYAH 3 BANDUNG,102,68.27,46.37,39.34,45.86
2018,Swasta,SMP MUTIARA BUNDA,77,84.55,79.32,66.27,66.4
2018,Swasta,SMP PGRI 10 BANDUNG,296,62.2,46.44,35.05,44.07
2018,Swasta,SMP PGRI 11,10,59.4,45,27.25,38.75
2018,Swasta,SMP TRIYASA BANDUNG,270,65.81,51.02,38.22,45.78
2018,Swasta,SMP YAYASAN ATIKAN SUNDA,274,70.72,55.99,40.76,48.52
2018,Swasta,SMP AL-GHIFARI,169,67.34,61.02,41.52,47.72
2018,Swasta,SMP AL-HASAN,67,60.39,42.51,32.72,39.37
2018,Swasta,SMP IGN SLAMET RIYADI,70,80.77,69.34,62.14,61.43
2018,Swasta,SMP MADYA BANDUNG,78,63.9,45.13,33.85,40.32
2018,Swasta,SMP MUHAMMADIYAH 9,88,67.2,47.34,34.55,42.84
2018,Swasta,SMP MUSLIMIN 5 BANDUNG,20,63.9,46.1,40.63,46.88
2018,Swasta,SMP OTISTA,18,63.22,45.11,35.56,43.33
2018,Swasta,SMP PGRI 7 BANDUNG,148,64.24,43.42,34.97,41.84
2018,Swasta,SMP PGRI 9 GEDEBAGE,50,58.24,37.64,31.95,39.05
2018,Swasta,SMP THARIIKUL JANNAH,3,54,44,25.83,34.17
2018,Swasta,SMP TULUS KARTIKA,81,66.22,48.91,36.2,43.86
2018,Swasta,SMP VIJAYA KUSUMA,251,66.53,51.75,38.7,46.09
2018,Swasta,SMP BINA DHARMA 2 BANDUNG,199,64.55,47.26,35.35,43.63
2018,Swasta,SMP BINA HARAPAN,22,61.18,40.55,31.59,36.7
2018,Swasta,SMP GUNA DHARMA,84,61,46.33,33.9,41.79
2018,Swasta,SMP KARYA NUSANTARA,19,59.16,37.79,32.63,41.32
2018,Swasta,SMP LANGLANG BUANA 2,74,56.62,41.65,31.72,40.51
2018,Swasta,SMP MUHAMMADIYAH 5 BANDUNG,41,61.27,40.1,37.26,41.16
2018,Swasta,SMP MUHAMMADIYAH 8 BANDUNG,150,78.81,70.07,57,61.18
2018,Swasta,SMP MUHAMMADIYAH 10,112,61.61,46.16,35.98,44.69
2018,Swasta,SMP NUSANTARA RAYA,100,64.36,42.78,32.73,43.33
2018,Swasta,SMP PGRI 8 BANDUNG,36,61.22,45.11,34.93,40.14
2018,Swasta,SMP SANTO  YUSUP,101,79.21,68.42,47.85,58.89
2018,Swasta,SMP ISLAM AL WASHLIYAH,19,59.26,50.42,34.47,45.79
2018,Swasta,SMP BINTANG MULIA,66,82.85,87.82,80.76,71.06
2018,Swasta,SMP BPI 1 BANDUNG,194,76.32,72.75,50.01,59.48
2018,Swasta,SMP BUDI ISTRI BANDUNG,87,58.48,42.87,34.28,41.41
2018,Swasta,SMP NUGRAHA BANDUNG,154,65.32,49.1,37.05,43.49
2018,Swasta,SMP PAHLAWAN TOHA,176,58.06,43.43,33.79,40.2
2018,Swasta,SMP PELITA BANGSA,17,80,64.82,55.88,50
2018,Swasta,SMP SANTO ALOYSIUS 2 BANDUNG,72,83.08,80.58,83.37,73.85
2018,Swasta,SMP SEBELAS MARET BANDUNG,84,66.64,43.93,32.83,41.04
2018,Swasta,SMP YAMI BANDUNG,16,53,38,26.72,34.84
2018,Swasta,SMP YPS SEJATI BANDUNG,10,56.2,34.4,30,38.75
2018,Swasta,SMP YUDHISTIRA,106,61.02,44.72,34.13,40.97
2018,Swasta,SMP K KALAM KUDUS,47,81.32,77.45,65.96,65.05
2018,Swasta,SMP BPK PENABUR HOLIS,166,84.28,82.11,81.42,76.37
2018,Swasta,SMP BPPI BOJONG,17,65.18,42.82,28.09,41.91
2018,Swasta,SMP GAMALIEL,88,82.25,70.73,68.52,59.66
2018,Swasta,SMP GRACIA BANDUNG,25,74.4,59.2,45.7,53.1
2018,Swasta,SMP JENDRAL SUDIRMAN,20,63.3,41.3,32.25,38.5
2018,Swasta,SMP MUTIARA 3 BANDUNG,12,72.67,47.5,33.33,44.79
2018,Swasta,SMP PASUNDAN 5 BANDUNG,135,63.93,42.65,36.06,43.67
2018,Swasta,SMP PASUNDAN 7 BANDUNG,182,62.3,47.43,36.33,41.7
2018,Swasta,SMP PASUNDAN 9 BANDUNG,161,59.16,39.55,29.67,38.9
2018,Swasta,SMP PLUS SINDANGRESMI,62,64.81,46.23,34.8,42.7
2018,Swasta,SMP SWADAYA 1 BANDUNG,285,66.03,47.87,36.58,42.9
2018,Swasta,SMP SWADAYA 2 BANDUNG,37,60.92,43.62,33.72,40.81
2018,Swasta,SMP YPKKP,238,55.58,41.02,31.4,40.48
2018,Swasta,SMP ASSALAAM,150,74.48,64.17,48.22,52.43
2018,Swasta,SMP DEWI SARTIKA,145,66.25,45.02,33.67,43.38
2018,Swasta,SMP GANESHA BANDUNG,84,54.76,43.62,32.02,38.75
2018,Swasta,SMP MUHAMMADIYAH 7,17,64.12,46,37.21,42.65
2018,Swasta,SMP NUSANTARA BANDUNG,126,62.17,44.79,32.12,42.56
2018,Swasta,SMP PASUNDAN 1 BANDUNG,430,70.38,55.49,39.87,47.88
2018,Swasta,SMP PASUNDAN 2 BANDUNG,190,68.24,50.38,40.24,48.07
2018,Swasta,SMP WYATA DHARMA,27,55.48,39.85,28.89,38.8
2018,Swasta,SMP YOS SUDARSO,83,79.86,72,63.22,63.8
2018,Swasta,SMP K REHOBOTH BANDUNG,28,74.29,62.64,45.54,54.46
2018,Swasta,SMP STAMFORD INTERNATIONAL SCHOOL,12,69.83,81.33,58.54,50.42
2018,Swasta,SMP PLUS TEMARA ILMU,9,65.78,42.44,33.89,48.33
2018,Swasta,SMP AL BIRUNI CERDAS MULIA,52,75.62,70.38,53.56,56.11
2018,Swasta,SMP DAARUL QURAN,10,76.4,67.2,49.25,52.25
2018,Swasta,SMP ALFA CENTAURI,107,82.39,76.84,66.17,64.6
2018,Swasta,SMP PELITA NUSANTARA,25,81.6,73.04,65.3,63.1
2018,Swasta,SMP TUNAS UNGGUL,59,84.47,81.76,65.85,67.25
2018,Swasta,SMP JUARA,48,75.83,60.17,49.69,54.38
2018,Swasta,SMP HIKMAH TELADAN,64,79.84,62.97,52.54,57.54
2018,Swasta,SMP ISLAM TERPADU BINA INSAN UNGGUL,46,71.65,54.35,47.12,50.11
2018,Swasta,SMP BAHTERA,29,83.38,75.66,56.38,54.91
2018,Swasta,SMP DAARUT TAUHIID BOARDING SCHOOL,121,81.67,63.55,57.4,58.66
2018,Swasta,SMP SETIA BHAKTI,72,67.42,48.31,35.66,44.79
2018,Swasta,SMP KARYA BHAKTI,16,55.25,38.75,25.94,33.44
2018,Swasta,SMP TAHFIZHUL QURAN AMANAH UMMAH,24,68.42,52.17,33.23,45
2018,Swasta,SMP KUNTUM CEMERLANG,24,86.92,84.17,81.56,69.58
2018,Swasta,SMP CITRA CEMARA,31,84.13,74.06,74.35,62.5
2018,Swasta,SMP NEHRU MEMORIAL SCHOOL,19,69.89,72.11,55.39,48.55
2018,Swasta,SMP BANDUNG INDEPENDENT SCHOOL,10,70.4,76.2,59,49.25
2018,Swasta,SMP TEMASEK INDEPENDENT SCHOOL,18,76.89,80.89,61.39,61.81
2018,Swasta,SMP SEMI PALAR,13,86,79.38,67.69,64.42
2018,Swasta,SMP BPK PENABUR BANDA,26,82.23,87.31,79.62,78.37
2018,Swasta,SMP KRISTEN BPK PENABUR SINGGASANA,48,82.17,87.08,86.25,79.79
2018,Swasta,SMP ISLAM AL-AZHAR 36,146,81.22,77.62,67.96,68.15
2018,Swasta,SMP EDU GLOBAL,24,83.83,79.58,76.04,73.65
2018,Swasta,SMP BINA SARANA CENDEKIA,39,63.33,47.54,31.99,40.45
2018,Swasta,SMP SURYA KENCANA BHAKTI,58,68.31,54.9,40.09,48.32
2018,Swasta,SMP PELITA FAJAR,15,79.6,69.33,60.17,54.67
2018,Swasta,SMP HARAPAN KASIH,19,82.42,71.26,68.68,58.16
2018,Swasta,SMP NURUL HIDAYAH,16,69.13,42.5,31.25,41.41
2018,Swasta,SMP ALAM BANDUNG,17,80.24,79.53,75.59,72.65
2018,Swasta,SMP AL-KHULAFA,7,88,90.57,84.29,78.57
2018,Swasta,MTS AL AMANAH,80,64.38,45.3,34.44,41.34
2018,Swasta,MTS AL HUDA,21,64.19,44,31.43,33.33
2018,Swasta,MTS AL ISLAM,51,63.65,44.59,33.14,41.96
2018,Swasta,MTS AL ISTIQOMAH,111,60.54,42.04,31.91,36.04
2018,Swasta,MTS ARROHMAH,44,68.59,48.32,39.49,45.28
2018,Swasta,MTS ASSUADA,40,57.4,36.6,28.06,36.44
2018,Swasta,MTS ASYSYARIFIYYAH,113,64.23,44.94,35.49,42.79
2018,Swasta,MTS ATTAUFIQ,58,62.07,50.83,35.22,41.34
2018,Swasta,MTS ATTAZHIMIYAH,154,60.16,42.92,35.91,41.33
2018,Swasta,MTS BAABUSSALAAM,93,62.04,43.74,33.52,41.51
2018,Swasta,MTS DAARUR RAHMAH,21,58.1,39.52,28.57,36.9
2018,Swasta,MTS MUHAMMADIYAH,50,67.96,48.84,37.2,43.7
2018,Swasta,MTS NURUL HUDA,59,63.05,44.54,37.63,41.91
2018,Swasta,MTS NURUL IMAN,365,63.79,44.3,35.12,43.19
2018,Swasta,MTS PERSATUAN ISLAM 29,44,62.18,41.91,33.58,37.27
2018,Swasta,MTS SALAFIYAH,19,59.47,38.74,29.34,42.5
2018,Swasta,MTS SIRNAMISKIN,305,61.05,43.38,35.75,41.59
2018,Swasta,MTS AL HASAN,22,61.73,47.18,31.82,36.25
2018,Swasta,MTS AL BURHAN,155,63.79,44.05,35.76,41.63
2018,Swasta,MTS AL INAYAH,152,69.75,46.25,40.64,48.47
2018,Swasta,MTS AL MISHBAH,73,71.45,49.42,36.71,47.43
2018,Swasta,MTS AL MURSYID,22,59.73,40.64,29.55,35.68
2018,Swasta,MTS ARROSYIDIYAH,121,67.22,50.13,39.32,47.5
2018,Swasta,MTS DARUL HIDAYAH,15,44.13,41.6,31,38.33
2018,Swasta,MTS KIFAYATUL ACHYAR,238,68.88,50.42,38.91,46.23
2018,Swasta,MTS MANBAUL HUDA,68,76.29,57.74,43.42,49.38
2018,Swasta,MTS MIFTAHUL FALAH,160,64,44.05,30.61,38.64
2018,Swasta,MTS MUHAJIRIN,40,63.95,42.15,36.75,42.25
2018,Swasta,MTS MULTAZAM,76,66.42,46.61,31.88,38.75
2018,Swasta,MTS NUR ROHMAH,17,66,43.53,26.47,36.03
2018,Swasta,MTS PERSIS 1-2,180,71.21,52.83,42.69,47.03
2018,Swasta,MTS YPPS SUKAMISKIN,171,69.47,50.62,38.77,48.8
2018,Swasta,MTS ZAKARIA,120,85.1,73.95,77.94,73.46
2018,Swasta,MTS AL HIKMAH,5,53.6,51.2,31,31.5
2018,Swasta,MTS YASIPA,24,68.08,42.92,34.27,39.9
2018,Swasta,MTS AISYAH,66,62.52,44.85,34.55,40.49
2018,Swasta,MTS MIFTAHUL HUDA,26,74.15,63,44.33,44.62
2018,Swasta,MTS AZ ZAHRA,36,60.5,38.78,32.36,41.81
2018,Swasta,MTS ASSALAAM,40,75.6,53.65,46.88,50.44
2018,Swasta,MTS CIJAWURA,49,63.96,44.61,33.32,39.03
2019,Negeri,SMP NEGERI 1 BANDUNG,403,85.44,78.72,76.13,72.69
2019,Negeri,SMP NEGERI 2 BANDUNG,320,86.69,88.48,81.31,79.29
2019,Negeri,SMP NEGERI 3 BANDUNG,318,81.47,72.07,67.33,68.95
2019,Negeri,SMP NEGERI 4 BANDUNG,308,79.63,70.42,59.16,60.96
2019,Negeri,SMP NEGERI 5 BANDUNG,313,87.5,89.5,83.2,81.01
2019,Negeri,SMP NEGERI 6 BANDUNG,468,69.91,53.76,42.79,47.22
2019,Negeri,SMP NEGERI 7 BANDUNG,400,85.27,85.32,74.19,76.08
2019,Negeri,SMP NEGERI 8 BANDUNG,291,85.15,77.01,73.08,75.88
2019,Negeri,SMP NEGERI 9 BANDUNG,361,78.76,67.27,57.62,62.92
2019,Negeri,SMP NEGERI 10 BANDUNG,344,71.66,56.13,47.73,52.26
2019,Negeri,SMP NEGERI 11 BANDUNG,410,76.57,63.73,50.9,55.79
2019,Negeri,SMP NEGERI 12 BANDUNG,316,81.84,75.28,65.08,65.37
2019,Negeri,SMP NEGERI 13 BANDUNG,377,86.72,86.49,79.34,80.73
2019,Negeri,SMP NEGERI 14 BANDUNG,310,83.78,76.1,68.81,69.9
2019,Negeri,SMP NEGERI 15 BANDUNG,340,77.57,69.3,59.89,65.36
2019,Negeri,SMP NEGERI 16 BANDUNG,305,76.59,63.59,58.2,57.93
2019,Negeri,SMP NEGERI 17 BANDUNG,419,78.53,65.5,54.98,58.72
2019,Negeri,SMP NEGERI 18 BANDUNG,412,77.65,65.95,53.65,60.53
2019,Negeri,SMP NEGERI 19 BANDUNG,304,75.86,59.93,47.88,55.39
2019,Negeri,SMP NEGERI 20 BANDUNG,339,74.67,60.85,48.3,56.7
2019,Negeri,SMP NEGERI 21 BANDUNG,277,69.78,51.55,45.46,46.75
2019,Negeri,SMP NEGERI 22 BANDUNG,317,78.13,65.04,53.25,56
2019,Negeri,SMP NEGERI 23 BANDUNG,263,73.88,55.34,44.87,51.87
2019,Negeri,SMP NEGERI 24 BANDUNG,373,71.36,52.04,44.7,46.6
2019,Negeri,SMP NEGERI 25 BANDUNG,370,73.63,60.62,48.99,52.56
2019,Negeri,SMP NEGERI 26 BANDUNG,287,77.67,63.3,51.42,56.5
2019,Negeri,SMP NEGERI 27 BANDUNG,336,74.95,60.22,50.12,55.77
2019,Negeri,SMP NEGERI 28 BANDUNG,345,81.85,76.19,62.75,67.33
2019,Negeri,SMP NEGERI 29 BANDUNG,347,68.83,54.4,44.45,50.4
2019,Negeri,SMP NEGERI 30 BANDUNG,334,78.98,65.17,59.06,62.34
2019,Negeri,SMP NEGERI 31 BANDUNG,422,70.82,57.14,45.32,50.17
2019,Negeri,SMP NEGERI 32 BANDUNG,242,70.55,49.19,42.12,47.14
2019,Negeri,SMP NEGERI 33 BANDUNG,361,71.91,54.48,47.56,49.56
2019,Negeri,SMP NEGERI 34 BANDUNG,338,82.15,76,65.81,70.32
2019,Negeri,SMP NEGERI 35 BANDUNG,400,70.58,54.17,44.45,50.33
2019,Negeri,SMP NEGERI 36 BANDUNG,301,78.41,61.59,53.77,58.39
2019,Negeri,SMP NEGERI 37 BANDUNG,368,72.6,54.16,48.53,51.57
2019,Negeri,SMP NEGERI 38 BANDUNG,404,69.52,50.65,40.92,46.86
2019,Negeri,SMP NEGERI 39 BANDUNG,259,71.63,53.05,45.68,49.79
2019,Negeri,SMP NEGERI 40 BANDUNG,303,70.4,55.85,43.56,48.13
2019,Negeri,SMP NEGERI 41 BANDUNG,395,71.1,53.76,45.41,49.58
2019,Negeri,SMP NEGERI 42 BANDUNG,350,69.84,53.29,41.68,47.7
2019,Negeri,SMP NEGERI 43 BANDUNG,337,72.3,56.73,48.46,54.46
2019,Negeri,SMP NEGERI 44 BANDUNG,271,80.21,72.07,61.63,62.98
2019,Negeri,SMP NEGERI 45 BANDUNG,391,78.17,68.47,54.05,59.88
2019,Negeri,SMP NEGERI 46 BANDUNG,399,75.6,59.57,51.6,54.1
2019,Negeri,SMP NEGERI 47 BANDUNG,315,75.52,58.72,48.78,51.91
2019,Negeri,SMP NEGERI 48 BANDUNG,461,75.77,64.47,49.84,56.92
2019,Negeri,SMP NEGERI 49 BANDUNG,385,71.82,55.59,48.01,51.88
2019,Negeri,SMP NEGERI 50 BANDUNG,466,75,59.82,53.18,56.76
2019,Negeri,SMP NEGERI 51 BANDUNG,399,73.47,55.8,44.62,51.03
2019,Negeri,SMP NEGERI  52 BANDUNG,320,69.61,51.21,42.88,48.39
2019,Negeri,SMP NEGERI 53 KOTA BANDUNG,202,69.9,50.93,41.39,46.3
2019,Negeri,SMP NEGERI 54,214,67.43,49.92,43.22,46.86
2019,Negeri,SMP NEGERI 55,42,69.62,46.48,40.89,48.93
2019,Negeri,SMP NEGERI 56,111,77.32,58.97,49.32,56.76
2019,Negeri,SMP NEGERI TERBUKA 12 BANDUNG,49,59.76,46.98,38.47,38.47
2019,Negeri,SMP NEGERI TERBUKA 40 BANDUNG,41,57.61,47.46,37.93,40.85
2019,Negeri,SMP NEGERI TERBUKA 27 BANDUNG,127,58.08,46.03,39.06,40.61
2019,Negeri,SMP NEGERI TERBUKA 8 BANDUNG,60,56.63,44.83,36.46,41.75
2019,Negeri,SMP NEGERI TERBUKA  51 BANDUNG,103,61.5,45.88,36.99,40.15
2019,Negeri,SMP NEGERI TERBUKA 36 BANDUNG,57,49.37,41.3,35.7,34.82
2019,Negeri,MTSN 1 KOTA BANDUNG,260,74.51,54.35,45.27,54.8
2019,Negeri,MTSN 2 KOTA BANDUNG,291,77.96,62.85,58.7,56.47
2019,Swasta,SMP BALA KESELAMATAN,5,66.4,46.8,37.5,35
2019,Swasta,SMP BUDI BAKTI BANDUNG,40,60.8,45.05,36.31,40.94
2019,Swasta,SMP PANDU BANDUNG,54,83.33,77.11,68.43,73.1
2019,Swasta,SMP PASUNDAN 4 BANDUNG,214,63.52,47.11,38.98,42.38
2019,Swasta,SMP WARINGIN BANDUNG,138,83.54,83.14,75,68.13
2019,Swasta,SMP YAQIN BANDUNG,54,59.81,42.89,36.02,39.03
2019,Swasta,SMP YPI BANDUNG,15,60.53,44.8,46.5,56.5
2019,Swasta,SMP K 1 BINA BAKTI BANDUNG,47,80.09,81.28,70.8,67.71
2019,Swasta,SMP K 2 BINA BAKTI BANDUNG,27,81.63,89.93,74.72,68.8
2019,Swasta,SMPK 1 BPK PENABUR,281,87.59,95.17,93.79,88.01
2019,Swasta,SMP K BPPK BANDUNG,25,77.52,63.76,54.5,51.5
2019,Swasta,SMP K PAULUS BANDUNG,9,68,58.44,41.11,48.61
2019,Swasta,SMP K TRIMULIA BANDUNG,44,84.55,95.59,85.28,79.2
2019,Swasta,SMP ADVENT II BANDUNG,30,78.87,77.27,59.08,60.42
2019,Swasta,SMP AL-HUSAINIYYAH BANDUNG,51,64.39,45.18,36.03,40.15
2019,Swasta,SMP BINA DHARMA 3 BANDUNG,21,63.9,46.29,40.83,45
2019,Swasta,SMP INDONESIA RAYA BANDUNG,82,61.8,45.32,36.95,40.58
2019,Swasta,SMP KARTIKA XIX-2,137,62.93,49.64,38.49,44.14
2019,Swasta,SMP MIFTAHUL IMAN BANDUNG,55,55.53,41.31,37.45,40.55
2019,Swasta,SMP MUHAMMADIYAH 6 BANDUNG,124,58.97,43.84,36.77,39.07
2019,Swasta,SMP PASUNDAN 3 BANDUNG,236,63.55,45.67,36.89,44.07
2019,Swasta,SMP PASUNDAN 10 BANDUNG,30,54.4,44.67,35.58,37.92
2019,Swasta,SMP PASUNDAN 12 BANDUNG,179,61.77,44.26,38.85,40.61
2019,Swasta,SMP PGRI 2 BANDUNG,60,58.77,43.17,35.58,36.92
2019,Swasta,SMP PGRI 5 BANDUNG,24,65.25,55.42,38.85,44.06
2019,Swasta,SMP SEKOLAH LABORATORIUM UPI,118,78.03,72.75,51.86,58.09
2019,Swasta,SMP K HIDUP BARU BANDUNG,5,75.6,58.4,51,55.5
2019,Swasta,SMP ADVENT CIMINDI,38,76,60.32,44.61,48.82
2019,Swasta,SMP ANGKASA LANUD HUSEIN. S,223,68.96,54.55,40.29,44.57
2019,Swasta,SMP BPMD TARUNA BANDUNG,7,60.86,40.57,28.93,39.29
2019,Swasta,SMP KIANSANTANG BANDUNG,17,56.12,42.47,35.74,40
2019,Swasta,SMP LPPN BANDUNG,10,55,40.8,36.5,32.5
2019,Swasta,SMP MUHAMMADIYAH 2 BANDUNG,34,64.41,43.76,40.22,41.76
2019,Swasta,SMP MUHAMMADIYAH 4 BANDUNG,25,62.48,44.96,40.7,40.7
2019,Swasta,SMP MUTIARA 1 BANDUNG,70,62.46,46.86,37.07,39.36
2019,Swasta,SMP MUTIARA 4 BANDUNG,271,66.21,46.25,38.71,45.45
2019,Swasta,SMP PAJAJARAN 1 BANDUNG,21,65.05,43.81,39.05,42.14
2019,Swasta,SMP PGRI 4,30,57.4,42.47,34.67,41.42
2019,Swasta,SMP RAJAWALI,1,50,28,27.5,27.5
2019,Swasta,SMP YWKA BANDUNG,58,69.55,53.55,41.68,40.65
2019,Swasta,SMPK 5 BPK PENABUR BANDUNG,141,83.82,87.16,79.45,76.76
2019,Swasta,SMP ADVENT BANDUNG,12,73.33,81.33,48.33,56.67
2019,Swasta,SMP BPP BANDUNG,75,64.53,46.48,38.27,41.3
2019,Swasta,SMP KRISTEN BAPTIS BANDUNG,26,81.46,75.77,72.12,67.79
2019,Swasta,SMP PERTIWI BANDUNG,25,66.24,46.32,42,39.8
2019,Swasta,SMP SANTA ANGELA BANDUNG,140,86.61,92.66,80.32,79.23
2019,Swasta,SMP SANTO ALOYSIUS 1 BANDUNG,138,85.96,91.46,84.78,80.94
2019,Swasta,SMP KARTIKA SILIWANGI XIX-1,177,68.46,54.64,40.24,44.76
2019,Swasta,SMP PASUNDAN 6 BANDUNG,175,67.83,50.01,41.89,43.91
2019,Swasta,SMP PGII-1 BANDUNG,262,75.02,63.98,47.26,54.09
2019,Swasta,SMP SANTA URSULA BANDUNG,118,86.31,87.12,76.95,76.5
2019,Swasta,SMP SUMATRA 40 BANDUNG,188,70.17,50.48,39.97,42.91
2019,Swasta,SMP TARUNA BAKTI BANDUNG,233,86.33,92.5,77.84,77.23
2019,Swasta,SMP K YAHYA BANDUNG,56,84.86,87.5,68.21,71.61
2019,Swasta,SMP AL-FALAH BANDUNG,182,65.13,46.43,38.46,46.95
2019,Swasta,SMP BUNGA BANGSA BANDUNG,62,61.65,44.16,38.59,41.9
2019,Swasta,SMP DARUL HIKAM BANDUNG,141,86.84,87.09,87.78,84.13
2019,Swasta,SMP ISTIQAMAH BANDUNG,85,80.64,76.59,58.65,61.74
2019,Swasta,SMP KEMAH INDONESIA 4 BANDUNG,53,60.04,45.66,38.68,38.82
2019,Swasta,SMP NASIONAL BANDUNG,205,63.48,44.41,37.89,41.63
2019,Swasta,SMP PASUNDAN 8 BANDUNG,234,62.52,45.12,37.94,40.65
2019,Swasta,SMP PGII 2 BANDUNG,184,73.7,57.9,47.24,51.17
2019,Swasta,SMP PGRI 6 BANDUNG,27,58.52,46.3,38.33,38.15
2019,Swasta,SMP PRIBADI,41,82.44,90.39,75.61,79.15
2019,Swasta,SMP SALMAN AL FARISI BANDUNG,88,87.57,92.89,87.64,80.6
2019,Swasta,SMP KARTIKA X-1 BANDUNG,232,68.47,49.53,40.59,44.26
2019,Swasta,SMP KEMALA BHAYANGKARI BANDUNG,249,66.15,49.94,38.51,42.77
2019,Swasta,SMP MAARIF 1 BANDUNG,23,60.52,47.3,35.76,43.7
2019,Swasta,SMP MUHAMMADIYAH 1 BANDUNG,47,61.06,47.23,38.35,43.19
2019,Swasta,SMP MUSLIMIN 3 BANDUNG,15,61.87,44.93,41.67,43.33
2019,Swasta,SMP PELITA BANDUNG,141,60.88,45.49,38.95,42.66
2019,Swasta,SMP PGRI 1 BANDUNG,77,58.26,42.73,38.93,38.86
2019,Swasta,SMP PGRI 3 BANDUNG,24,64.17,46.75,36.98,42.4
2019,Swasta,SMP SANTA MARIA BANDUNG,95,83.33,82.72,63.63,67.68
2019,Swasta,SMP TAMAN SISWA BANDUNG,45,64.8,49.02,39.06,43.11
2019,Swasta,SMP YPU BANDUNG,64,59.02,43.25,33.93,39.38
2019,Swasta,SMP K 4 BPK PENABUR,30,87.33,91.93,79.92,77.17
2019,Swasta,SMP AL HADI BANDUNG,253,62.04,44.81,38.66,40.75
2019,Swasta,SMP AL ISLAM,104,57.12,42.75,36.06,40.29
2019,Swasta,SMP PLUS BAITURRAHMAN,180,64,48.09,42.19,42.13
2019,Swasta,SMP BANDUNG INSTITUT,31,54.58,43.42,37.42,38.23
2019,Swasta,SMP BINA PERSADA NUSANTARA,3,73.33,53.33,41.67,49.17
2019,Swasta,SMP CENDEKIA MUDA,43,83.95,83.12,67.27,66.34
2019,Swasta,SMP GANTRA BANDUNG,47,64.64,42.55,40.05,39.57
2019,Swasta,SMP GEMA PANCASILA BANDUNG,27,58.74,39.26,36.67,38.8
2019,Swasta,SMP GUPPI UJUNG BERUNG,25,53.12,54.24,40.1,38
2019,Swasta,SMP KARYA PEMBANGUNAN 10,119,62.13,50.67,45.06,44.12
2019,Swasta,SMP LANGLANGBUANA,42,64.95,44.62,38.63,45.18
2019,Swasta,SMP MUHAMMADIYAH 3 BANDUNG,114,67.04,51.14,41.21,43.51
2019,Swasta,SMP MUTIARA BUNDA,84,83.02,83.62,70.51,71.61
2019,Swasta,SMP PGRI 10 BANDUNG,257,62.3,44.98,38.18,41.23
2019,Swasta,SMP PGRI 11,12,59.17,43.67,44.79,41.46
2019,Swasta,SMP TRIYASA BANDUNG,197,63.34,46.25,38.34,45.34
2019,Swasta,SMP YAYASAN ATIKAN SUNDA,249,69.63,50.39,41.22,46.18
2019,Swasta,SMP AL-GHIFARI,113,68.37,57.33,41.79,47.83
2019,Swasta,SMP AL-HASAN,57,64.42,44.6,41.32,41.67
2019,Swasta,SMP IGN SLAMET RIYADI,70,83.43,78.37,58.75,64.79
2019,Swasta,SMP MADYA BANDUNG,62,61.45,45.32,37.14,43.51
2019,Swasta,SMP MUHAMMADIYAH 9,110,64.56,45.67,37.77,42.23
2019,Swasta,SMP MUSLIMIN 5 BANDUNG,25,65.92,43.42,38.7,48.85
2019,Swasta,SMP PGRI 7 BANDUNG,183,64.3,44.11,37.46,40.14
2019,Swasta,SMP PGRI 9 GEDEBAGE,22,57.64,43.18,36.93,37.73
2019,Swasta,SMP TULUS KARTIKA,94,60.13,47.94,38.09,39.15
2019,Swasta,SMP VIJAYA KUSUMA,305,65.08,46.29,40.09,43.06
2019,Swasta,SMP BINA DHARMA 2 BANDUNG,270,60.41,45.99,37.44,40.5
2019,Swasta,SMP BINA HARAPAN,32,58.25,46.06,39.53,43.44
2019,Swasta,SMP GUNA DHARMA,88,61.55,45.61,37.9,43.01
2019,Swasta,SMP KARYA NUSANTARA,18,54,41.78,35.83,36.67
2019,Swasta,SMP LANGLANG BUANA 2,82,58.24,44.17,38.69,38.17
2019,Swasta,SMP MUHAMMADIYAH 5 BANDUNG,31,60.32,46.84,37.74,40.24
2019,Swasta,SMP MUHAMMADIYAH 8 BANDUNG,114,82.02,79.11,62.15,64.58
2019,Swasta,SMP MUHAMMADIYAH 10,121,59.6,45.67,40.41,43.57
2019,Swasta,SMP NUSANTARA RAYA,89,61.37,44.7,36.6,39.63
2019,Swasta,SMP PGRI 8 BANDUNG,25,64.16,44.8,39.8,41.2
2019,Swasta,SMP SANTO  YUSUP,90,81.29,64.49,52.72,61.22
2019,Swasta,SMP ISLAM AL WASHLIYAH,20,70.3,49.3,39.63,46.25
2019,Swasta,SMP BINTANG MULIA,65,79.54,92.52,74.08,73.12
2019,Swasta,SMP BPI 1 BANDUNG,122,76.52,73.08,48.38,54.26
2019,Swasta,SMP BUDI ISTRI BANDUNG,75,55.89,46.16,34.73,40.17
2019,Swasta,SMP NUGRAHA BANDUNG,143,66.74,48.29,38.37,44.81
2019,Swasta,SMP PAHLAWAN TOHA,160,54.93,40.91,35.7,36.31
2019,Swasta,SMP PELITA BANGSA,20,78.6,72.9,48.13,50.38
2019,Swasta,SMP PLUS AL-GOZALI,3,38,38,34.17,35.83
2019,Swasta,SMP SANTO ALOYSIUS 2 BANDUNG,87,84.94,91.03,85.75,77.7
2019,Swasta,SMP SEBELAS MARET BANDUNG,63,65.27,47.21,36.59,37.94
2019,Swasta,SMP YAMI BANDUNG,20,52.4,41,38.63,36.88
2019,Swasta,SMP YPS SEJATI BANDUNG,8,57.75,43.25,35,38.13
2019,Swasta,SMP YUDHISTIRA,133,61.68,45.86,38.98,40.92
2019,Swasta,SMP K KALAM KUDUS,65,81.29,84.06,59.58,65.62
2019,Swasta,SMP BPK PENABUR HOLIS,157,84.94,88.6,81.13,79.33
2019,Swasta,SMP BPPI BOJONG,17,62.94,42.82,38.68,42.5
2019,Swasta,SMP GAMALIEL,95,81.28,74.48,71.26,64.34
2019,Swasta,SMP GRACIA BANDUNG,22,75.27,62.64,48.75,55.11
2019,Swasta,SMP JENDRAL SUDIRMAN,23,59.74,46.52,37.93,38.91
2019,Swasta,SMP MUTIARA 3 BANDUNG,31,55.74,42.45,36.61,37.98
2019,Swasta,SMP PASUNDAN 5 BANDUNG,93,65.16,42.39,37.12,42.82
2019,Swasta,SMP PASUNDAN 7 BANDUNG,186,61.38,45.16,37.62,41.99
2019,Swasta,SMP PASUNDAN 9 BANDUNG,193,57.75,41.11,37.99,37.67
2019,Swasta,SMP PLUS SINDANGRESMI,61,65.61,44.26,38.36,41.48
2019,Swasta,SMP SWADAYA 1 BANDUNG,266,60.94,44.07,36.39,40.49
2019,Swasta,SMP SWADAYA 2 BANDUNG,37,61.68,46.05,37.91,41.76
2019,Swasta,SMP YPKKP,146,58.52,42.27,37.71,38
2019,Swasta,SMP ASSALAAM,151,73.55,64.94,47.91,55.33
2019,Swasta,SMP DEWI SARTIKA,97,63.15,44.43,37.32,42.11
2019,Swasta,SMP GANESHA BANDUNG,130,56.63,42.05,36.48,39.54
2019,Swasta,SMP MUHAMMADIYAH 7,21,60.76,52.48,38.57,40.71
2019,Swasta,SMP NUSANTARA BANDUNG,105,60.99,44.11,37.02,39.1
2019,Swasta,SMP PASUNDAN 1 BANDUNG,297,66.74,51.64,39.34,43.72
2019,Swasta,SMP PASUNDAN 2 BANDUNG,156,65.54,47.17,39.81,41.86
2019,Swasta,SMP WYATA DHARMA,46,56.65,42.52,37.99,36.58
2019,Swasta,SMP YOS SUDARSO,40,83.7,77.3,58.75,61.25
2019,Swasta,SMP K REHOBOTH BANDUNG,38,78.21,70.16,55.99,56.12
2019,Swasta,SMP STAMFORD INTERNATIONAL SCHOOL,10,63.2,90,61.25,58
2019,Swasta,SMP PLUS TEMARA ILMU,7,58.86,41.43,39.64,40.36
2019,Swasta,SMP AL BIRUNI CERDAS MULIA,49,76.9,71.8,54.29,57.91
2019,Swasta,SMP DAARUL QURAN,20,84.2,83.9,70.25,67.5
2019,Swasta,SMP ALFA CENTAURI,67,81.34,81.04,62.91,67.35
2019,Swasta,SMP PELITA NUSANTARA,23,83.04,91.74,66.74,67.93
2019,Swasta,SMP TUNAS UNGGUL,47,82.26,85.66,58.72,64.84
2019,Swasta,SMP JUARA,49,77.27,62.94,57.3,59.59
2019,Swasta,SMP HIKMAH TELADAN,80,76.83,70.33,57.44,63.16
2019,Swasta,SMP ISLAM TERPADU BINA INSAN UNGGUL,32,73.56,53.69,47.11,55.86
2019,Swasta,SMP BAHTERA,15,79.2,76.53,61.67,65.83
2019,Swasta,SMP DAARUT TAUHIID BOARDING SCHOOL,115,80.99,68.68,59.74,61.54
2019,Swasta,SMP SETIA BHAKTI,100,65.3,47.34,38.83,41.2
2019,Swasta,SMP KARYA BHAKTI,20,58.7,40.9,35.13,38.88
2019,Swasta,SMP TAHFIZHUL QURAN AMANAH UMMAH,20,67.3,47.3,41.25,48.25
2019,Swasta,SMP KUNTUM CEMERLANG,35,81.54,92.8,79.93,71.43
2019,Swasta,SMP CITRA CEMARA,13,76,73.38,67.88,61.54
2019,Swasta,SMP NEHRU MEMORIAL SCHOOL,20,71.3,90.3,56.88,55.88
2019,Swasta,SMP BANDUNG INDEPENDENT SCHOOL,10,57.4,94.6,51,45.25
2019,Swasta,SMP TEMASEK INDEPENDENT SCHOOL,5,68.8,90,47,48
2019,Swasta,SMP SEMI PALAR,10,83.4,82.6,67.5,62
2019,Swasta,SMP BPK PENABUR BANDA,20,83.3,97,86.5,79
2019,Swasta,SMP KRISTEN BPK PENABUR SINGGASANA,79,86.18,95.77,94.65,87.69
2019,Swasta,SMP ISLAM AL-AZHAR 36,156,82.26,84.65,66.86,66.78
2019,Swasta,SMP EDU GLOBAL,17,80.47,87.53,61.18,67.65
2019,Swasta,SMP BINA SARANA CENDEKIA,28,59.71,44.71,39.64,37.77
2019,Swasta,SMP SURYA KENCANA BHAKTI,79,65.37,49.52,40.19,50.51
2019,Swasta,SMP PELITA FAJAR,18,80.11,90.89,71.11,74.44
2019,Swasta,SMP HARAPAN KASIH,12,78.83,89,76.25,66.46
2019,Swasta,SMP NURUL HIDAYAH,24,60.42,46.08,38.44,43.75
2019,Swasta,SMP ALAM BANDUNG,12,72,77.17,63.54,64.79
2019,Swasta,SMP AL-KHULAFA,21,80.67,81.81,82.98,82.62
2019,Swasta,SMP AL-IHSAN CIMENCRANG,19,68.74,47.05,44.21,49.87
2019,Swasta,SMP SANTO YUSUP 2,19,82.11,88.32,72.11,69.34
2019,Swasta,SMP AISYIYAH BOARDING SCHOOL,33,80.79,75.52,59.77,65.23
2019,Swasta,MTS AL AMANAH,79,64.2,43.44,37.91,42.91
2019,Swasta,MTS AL HUDA,16,55.13,38.38,35.16,37.97
2019,Swasta,MTS AL ISLAM,37,60.54,42.22,35.34,40.07
2019,Swasta,MTS AL ISTIQOMAH,120,61.1,44.28,37.33,41.56
2019,Swasta,MTS ARROHMAH,57,63.65,44.49,36.58,41.49
2019,Swasta,MTS ASSUADA,32,57.25,43.13,35.7,42.89
2019,Swasta,MTS ASYSYARIFIYYAH,113,62.64,43.59,40.46,41.84
2019,Swasta,MTS ATTAUFIQ,56,64.71,46.07,41.29,42.14
2019,Swasta,MTS ATTAZHIMIYAH,111,62.11,44.79,36.89,37.68
2019,Swasta,MTS BAABUSSALAAM,66,61.91,45.94,35.72,38.64
2019,Swasta,MTS DAARUR RAHMAH,17,60.12,46.71,40.15,34.12
2019,Swasta,MTS MUHAMMADIYAH,77,69.53,51.58,41.07,49.09
2019,Swasta,MTS NURUL HUDA,53,65.47,47.13,40.28,44.76
2019,Swasta,MTS NURUL IMAN,297,64.94,46.6,40.37,43.6
2019,Swasta,MTS PERSATUAN ISLAM 29,51,65.1,44.43,38.63,43.04
2019,Swasta,MTS SALAFIYAH,26,57.31,42.23,36.25,36.25
2019,Swasta,MTS SIRNAMISKIN,299,61.95,44.03,39.22,40.57
2019,Swasta,MTS AL HASAN,23,59.74,44.78,36.74,40.22
2019,Swasta,MTS AL BURHAN,125,63.81,44.43,40.68,43.04
2019,Swasta,MTS AL INAYAH,155,67.65,50.12,44.92,46.53
2019,Swasta,MTS AL MISHBAH,81,67.83,46.05,40.65,42.19
2019,Swasta,MTS AL MURSYID,21,51.71,37.81,33.93,39.88
2019,Swasta,MTS ARROSYIDIYAH,132,67.74,47.53,39.17,45.38
2019,Swasta,MTS DARUL HIDAYAH,18,54.56,41.56,37.36,38.75
2019,Swasta,MTS KIFAYATUL ACHYAR,200,68.41,47.86,42.53,45.35
2019,Swasta,MTS MANBAUL HUDA,70,77.66,59.6,47.14,54.25
2019,Swasta,MTS MIFTAHUL FALAH,149,63.22,45.83,37.65,40.97
2019,Swasta,MTS MUHAJIRIN,33,65.09,45.21,41.21,43.03
2019,Swasta,MTS MULTAZAM,62,65.16,45.68,39.84,39.84
2019,Swasta,MTS NUR ROHMAH,14,64.43,47,35.89,40.36
2019,Swasta,MTS PERSIS 1-2,177,67.99,56.19,42.98,47.63
2019,Swasta,MTS YPPS SUKAMISKIN,170,67.98,47.76,41.34,49.28
2019,Swasta,MTS ZAKARIA,123,88.02,77.58,76.83,78.37
2019,Swasta,MTS AL HIKMAH,7,53.71,39.71,34.64,36.07
2019,Swasta,MTS YASIPA,26,66.23,45,37.02,43.46
2019,Swasta,MTS AISYAH,69,64.96,44.58,37.61,40.04
2019,Swasta,MTS MIFTAHUL HUDA,32,76.88,69.56,55.47,59.38
2019,Swasta,MTS AZ ZAHRA,36,56.83,40.33,35.76,43.19
2019,Swasta,MTS ASSALAAM,50,73.76,52.84,44.3,50.05
2019,Swasta,MTS CIJAWURA,51,70.86,50.39,44.66,48.77
